-- phpMyAdmin SQL Dump
-- version 4.1.14
-- http://www.phpmyadmin.net
--
-- Client :  127.0.0.1
-- Généré le :  Dim 01 Octobre 2017 à 14:42
-- Version du serveur :  5.6.17
-- Version de PHP :  5.5.12

SET SQL_MODE = "NO_AUTO_VALUE_ON_ZERO";
SET time_zone = "+00:00";


/*!40101 SET @OLD_CHARACTER_SET_CLIENT=@@CHARACTER_SET_CLIENT */;
/*!40101 SET @OLD_CHARACTER_SET_RESULTS=@@CHARACTER_SET_RESULTS */;
/*!40101 SET @OLD_COLLATION_CONNECTION=@@COLLATION_CONNECTION */;
/*!40101 SET NAMES utf8 */;

--
-- Base de données :  `courriers`
--

-- --------------------------------------------------------

--
-- Structure de la table `cexp_address`
--

CREATE TABLE IF NOT EXISTS `cexp_address` (
  `AddressID` int(11) NOT NULL AUTO_INCREMENT,
  `AddressLine1` varchar(60) NOT NULL,
  `AddressLine2` varchar(60) DEFAULT NULL,
  `City` varchar(30) NOT NULL,
  `StateProvinceID` int(11) NOT NULL,
  `PostalCode` varchar(15) NOT NULL,
  `rowguid` varbinary(16) NOT NULL,
  `ModifiedDate` timestamp NOT NULL DEFAULT CURRENT_TIMESTAMP,
  PRIMARY KEY (`AddressID`)
) ENGINE=MyISAM  DEFAULT CHARSET=utf8 AUTO_INCREMENT=438 ;

--
-- Contenu de la table `cexp_address`
--

INSERT INTO `cexp_address` (`AddressID`, `AddressLine1`, `AddressLine2`, `City`, `StateProvinceID`, `PostalCode`, `rowguid`, `ModifiedDate`) VALUES
(1, 'Issy les moulinos', 'Centre', 'Charenton-le-Pont', 75, '92500', '', '2015-08-23 13:02:15'),
(2, 'EuraLille', 'Etage 1', 'Montreuil', 75, '59000', '', '2015-08-23 13:02:15'),
(3, 'Issy les moulinos', 'BAT C APPT 10', 'Charenton-le-Pont', 75, '92000', '', '2015-08-23 15:41:53'),
(4, 'Quatere temps', 'Etage 1', 'Arcueil', 75, '59000', '', '2015-08-23 15:41:53'),
(5, '140 rue de sartrouville', 'Rond point', 'Charenton-le-Pont', 75, '92000', '', '2015-08-23 17:45:26'),
(6, 'Quatere temps', 'Etage 2', 'Neuilly-Plaisance', 75, '59000', '', '2015-08-23 17:45:26'),
(7, 'Defense', 'puteaux', 'Charenton-le-Pont', 75, '92500', '', '2015-08-23 17:50:41'),
(8, 'EuraLille', 'Etage 2', 'Les Pavillons-sous-Bois', 75, '59000', '', '2015-08-23 17:50:41'),
(9, '140 rue de sartrouville', 'BAT C APPT 10', 'Charenton-le-Pont', 94, '92500', '', '2015-08-23 18:06:42'),
(10, 'EuraLille', 'Etage 2', 'Stains', 75, '59000', '', '2015-08-23 18:06:42'),
(11, '140 rue de sartrouville', 'BAT C APPT 10', 'Charenton-le-Pont', 94, '92500', '', '2015-08-23 18:07:23'),
(12, 'EuraLille', 'Etage 2', 'Stains', 75, '59000', '', '2015-08-23 18:07:23'),
(13, '140 rue de sartrouville', 'BAT C APPT 10', 'Charenton-le-Pont', 94, '92000', '', '2015-08-23 18:18:48'),
(14, 'EuraLille', 'Etage 2', 'Romainville', 75, '59000', '', '2015-08-23 18:18:48'),
(15, 'Lacassagne', 'Centre', 'Charenton-le-Pont', 94, '92500', '', '2015-08-23 18:23:57'),
(16, 'EuraLille', 'Etage 2', 'Sevran', 75, '92000', '', '2015-08-23 18:23:57'),
(17, '140 rue de sartrouville', 'BAT C APPT 10', 'Charenton-le-Pont', 94, '92500', '', '2015-08-23 18:41:09'),
(18, 'CNIT', 'Etage 2', 'Villepinte', 75, '59000', '', '2015-08-23 18:41:09'),
(19, '140 rue de sartrouville', 'BAT C APPT 10', 'Charenton-le-Pont', 94, '92500', '', '2015-08-23 18:43:12'),
(20, 'CNIT', 'Etage 2', 'Villepinte', 75, '59000', '', '2015-08-23 18:43:12'),
(21, 'Defense', 'puteaux', 'Charenton-le-Pont', 75, '92500', '', '2015-08-23 18:57:06'),
(22, 'EuraLille', 'Etage 2', 'Noisy-le-Sec', 75, '59000', '', '2015-08-23 18:57:06'),
(23, 'Km36', 'BAT C APPT 10', 'Charenton-le-Pont', 94, '92500', '', '2015-08-24 08:17:04'),
(24, 'Quatere temps', 'Etage 2', 'Neuilly-Plaisance', 75, '59000', '', '2015-08-24 08:17:04'),
(25, 'Km36', 'BAT C APPT 10', 'Charenton-le-Pont', 94, '92500', '', '2015-08-24 08:30:19'),
(26, 'Quatere temps', 'Etage 2', 'Neuilly-Plaisance', 75, '59000', '', '2015-08-24 08:30:19'),
(27, 'Km36', 'BAT C APPT 10', 'Charenton-le-Pont', 94, '92500', '', '2015-08-24 08:30:56'),
(28, 'Quatere temps', 'Etage 2', 'Neuilly-Plaisance', 75, '59000', '', '2015-08-24 08:30:56'),
(29, 'Km36', 'BAT C APPT 10', 'Charenton-le-Pont', 94, '92500', '', '2015-08-24 08:40:47'),
(30, 'Quatere temps', 'Etage 2', 'Neuilly-Plaisance', 75, '59000', '', '2015-08-24 08:40:47'),
(31, 'Km36', 'BAT C APPT 10', 'Charenton-le-Pont', 94, '92500', '', '2015-08-24 08:41:20'),
(32, 'Quatere temps', 'Etage 2', 'Neuilly-Plaisance', 75, '59000', '', '2015-08-24 08:41:20'),
(33, 'Km36', 'BAT C APPT 10', 'Charenton-le-Pont', 75, '92500', '', '2015-08-24 08:49:27'),
(34, 'Quatere temps', 'Etage 2', 'Neuilly-Plaisance', 94, '59000', '', '2015-08-24 08:49:27'),
(35, 'Defense', 'puteaux', 'Charenton-le-Pont', 75, '92500', '', '2015-08-24 08:54:38'),
(36, 'EuraLille', 'Etage 2', 'Villepinte', 94, '92000', '', '2015-08-24 08:54:38'),
(37, '140 rue de sartrouville', 'Rond point', 'Charenton-le-Pont', 75, '92500', '', '2015-08-24 09:12:29'),
(38, 'EuraLille', 'Etage 1', 'Saint-Ouen', 94, '59000', '', '2015-08-24 09:12:29'),
(39, 'Issy les moulinos', 'puteaux', 'Charenton-le-Pont', 75, '92000', '', '2015-08-24 10:59:44'),
(40, 'EuraLille', 'Etage 1', 'Arcueil', 94, '59000', '', '2015-08-24 10:59:44'),
(41, 'Issy les moulinos', 'puteaux', 'Charenton-le-Pont', 75, '92000', '', '2015-08-24 11:08:51'),
(42, 'EuraLille', 'Etage 1', 'Arcueil', 94, '59000', '', '2015-08-24 11:08:51'),
(43, 'Issy les moulinos', 'puteaux', 'Charenton-le-Pont', 75, '92000', '', '2015-08-24 11:09:33'),
(44, 'EuraLille', 'Etage 1', 'Arcueil', 94, '59000', '', '2015-08-24 11:09:33'),
(45, '140 rue de sartrouville', 'BAT C APPT 10', 'Charenton-le-Pont', 75, '92500', '', '2015-08-24 11:30:11'),
(46, 'Quatere temps', 'Etage 1', 'Villepinte', 94, '59000', '', '2015-08-24 11:30:11'),
(47, '140 rue de sartrouville', 'BAT C APPT 10', 'Charenton-le-Pont', 75, '92500', '', '2015-08-24 11:30:48'),
(48, 'Quatere temps', 'Etage 1', 'Villepinte', 94, '59000', '', '2015-08-24 11:30:48'),
(49, 'Issy les moulinos', 'Centre', 'Charenton-le-Pont', 75, '92000', '', '2015-08-24 13:23:09'),
(50, 'EuraLille', 'Etage 2', 'Noisy-le-Grand', 94, '59000', '', '2015-08-24 13:23:09'),
(51, 'Issy les moulinos', 'Centre', 'Charenton-le-Pont', 75, '92000', '', '2015-08-24 13:30:08'),
(52, 'EuraLille', 'Etage 2', 'Noisy-le-Grand', 94, '59000', '', '2015-08-24 13:30:08'),
(53, 'Issy les moulinos', 'Centre', 'Charenton-le-Pont', 75, '92000', '', '2015-08-24 13:30:36'),
(54, 'EuraLille', 'Etage 2', 'Noisy-le-Grand', 94, '59000', '', '2015-08-24 13:30:36'),
(55, 'Issy les moulinos', 'Centre', 'Charenton-le-Pont', 75, '92000', '', '2015-08-24 13:33:12'),
(56, 'EuraLille', 'Etage 2', 'Noisy-le-Grand', 94, '59000', '', '2015-08-24 13:33:12'),
(57, 'Issy les moulinos', 'Centre', 'Charenton-le-Pont', 75, '92000', '', '2015-08-24 13:36:04'),
(58, 'EuraLille', 'Etage 2', 'Noisy-le-Grand', 94, '59000', '', '2015-08-24 13:36:04'),
(59, 'Issy les moulinos', 'Centre', 'Charenton-le-Pont', 75, '92000', '', '2015-08-24 13:37:01'),
(60, 'EuraLille', 'Etage 2', 'Noisy-le-Grand', 94, '59000', '', '2015-08-24 13:37:01'),
(61, 'Issy les moulinos', 'Centre', 'Charenton-le-Pont', 75, '92000', '', '2015-08-24 13:37:49'),
(62, 'EuraLille', 'Etage 2', 'Noisy-le-Grand', 94, '59000', '', '2015-08-24 13:37:49'),
(63, 'Issy les moulinos', 'Centre', 'Charenton-le-Pont', 75, '92000', '', '2015-08-24 13:38:16'),
(64, 'EuraLille', 'Etage 2', 'Noisy-le-Grand', 94, '59000', '', '2015-08-24 13:38:16'),
(65, 'Issy les moulinos', 'Centre', 'Charenton-le-Pont', 75, '92000', '', '2015-08-24 13:43:21'),
(66, 'EuraLille', 'Etage 2', 'Noisy-le-Grand', 94, '59000', '', '2015-08-24 13:43:21'),
(67, 'Issy les moulinos', 'Centre', 'Charenton-le-Pont', 75, '92000', '', '2015-08-24 13:44:41'),
(68, 'EuraLille', 'Etage 2', 'Noisy-le-Grand', 94, '59000', '', '2015-08-24 13:44:41'),
(69, 'Issy les moulinos', 'Centre', 'Charenton-le-Pont', 75, '92000', '', '2015-08-24 13:45:15'),
(70, 'EuraLille', 'Etage 2', 'Noisy-le-Grand', 94, '59000', '', '2015-08-24 13:45:15'),
(71, 'Issy les moulinos', 'Centre', 'Charenton-le-Pont', 75, '92000', '', '2015-08-24 13:46:03'),
(72, 'EuraLille', 'Etage 2', 'Noisy-le-Grand', 94, '59000', '', '2015-08-24 13:46:03'),
(73, 'Issy les moulinos', 'APP 6', 'Charenton-le-Pont', 75, '92000', '', '2015-08-24 15:11:10'),
(74, 'Quatere temps', 'Etage 2', 'Noisy-le-Grand', 94, '59000', '', '2015-08-24 15:11:10'),
(75, 'Issy les moulinos', 'APP 6', 'Charenton-le-Pont', 75, '92000', '', '2015-08-24 15:15:09'),
(76, 'Quatere temps', 'Etage 2', 'Noisy-le-Grand', 94, '59000', '', '2015-08-24 15:15:09'),
(77, '140 rue de sartrouville', 'APP 6', 'Charenton-le-Pont', 75, '92000', '', '2015-08-24 15:31:20'),
(78, 'EuraLille', 'Etage 1', 'Stains', 94, '59000', '', '2015-08-24 15:31:20'),
(79, '140 rue de sartrouville', 'BAT C APPT 10', 'Charenton-le-Pont', 75, '92000', '', '2015-08-24 15:38:44'),
(80, 'Quatere temps', 'Etage 2', 'Villepinte', 94, '59000', '', '2015-08-24 15:38:44'),
(81, '140 rue de sartrouville', 'puteaux', 'Charenton-le-Pont', 75, '92000', '', '2015-08-24 15:42:03'),
(82, 'Quatere temps', 'Etage 1', 'Neuilly-sur-Marne', 94, '59000', '', '2015-08-24 15:42:03'),
(83, '140 rue de sartrouville', 'APP 6', 'Charenton-le-Pont', 75, '92000', '', '2015-08-24 15:44:02'),
(84, 'Quatere temps', 'Etage 2', 'Neuilly-sur-Marne', 94, '59000', '', '2015-08-24 15:44:02'),
(85, '140 rue de sartrouville', 'puteaux', 'Charenton-le-Pont', 75, '92000', '', '2015-08-24 15:53:54'),
(86, 'Quatere temps', 'Etage 1', 'Neuilly-Plaisance', 94, '59000', '', '2015-08-24 15:53:54'),
(87, 'Issy les moulinos', 'BAT C APPT 10', 'Charenton-le-Pont', 75, '92500', '', '2015-08-24 15:58:29'),
(88, 'EuraLille', 'Etage 1', 'Montreuil', 94, '59000', '', '2015-08-24 15:58:29'),
(89, '140 rue de sartrouville', 'Centre', 'Charenton-le-Pont', 75, '92000', '', '2015-08-24 16:00:41'),
(90, 'Quatere temps', 'Etage 2', 'Neuilly-Plaisance', 94, '59000', '', '2015-08-24 16:00:41'),
(91, '140 rue de sartrouville', 'puteaux', 'Charenton-le-Pont', 75, '92000', '', '2015-08-26 15:39:58'),
(92, 'Quatere temps', 'Etage 2', 'Noisy-le-Grand', 94, '59000', '', '2015-08-26 15:39:58'),
(93, '140 rue de sartrouville', 'Centre', 'Charenton-le-Pont', 75, '92000', '', '2015-08-26 15:43:01'),
(94, 'Quatere temps', 'Etage 2', 'Noisy-le-Sec', 94, '59000', '', '2015-08-26 15:43:01'),
(95, 'Bat PT', 'APP 6', 'Charenton-le-Pont', 75, '92500', '', '2015-09-01 11:53:46'),
(96, 'Quatere temps', 'Etage 2', 'Montfermeil', 94, '59000', '', '2015-09-01 11:53:46'),
(97, 'Bat PT', 'APP 6', 'Charenton-le-Pont', 75, '92500', '', '2015-09-01 11:53:48'),
(98, 'Quatere temps', 'Etage 2', 'Montfermeil', 94, '59000', '', '2015-09-01 11:53:48'),
(99, 'Bat PT', 'APP 6', 'Charenton-le-Pont', 75, '92500', '', '2015-09-01 11:54:06'),
(100, 'Quatere temps', 'Etage 2', 'Montfermeil', 94, '59000', '', '2015-09-01 11:54:06'),
(101, 'Bat PT', 'APP 6', 'Charenton-le-Pont', 75, '92500', '', '2015-09-01 11:57:04'),
(102, 'Quatere temps', 'Etage 2', 'Montfermeil', 94, '59000', '', '2015-09-01 11:57:04'),
(103, 'Bat PT', 'APP 6', 'Charenton-le-Pont', 75, '92500', '', '2015-09-01 12:10:13'),
(104, 'Quatere temps', 'Etage 2', 'Montfermeil', 94, '59000', '', '2015-09-01 12:10:13'),
(105, 'Issy les moulinos', 'puteaux', 'Charenton-le-Pont', 75, '92000', '', '2015-09-01 12:12:38'),
(106, 'Quatere temps', 'Etage 1', 'Neuilly-sur-Marne', 94, '59000', '', '2015-09-01 12:12:38'),
(107, '140 rue de sartrouville', 'Centre', 'Charenton-le-Pont', 75, '92000', '', '2015-09-01 17:07:57'),
(108, 'Quatere temps', 'Etage 1', 'Neuilly-Plaisance', 94, '59000', '', '2015-09-01 17:07:57'),
(109, '140 rue de sartrouville', 'BAT C APPT 10', 'Charenton-le-Pont', 75, '92000', '', '2015-09-01 17:20:53'),
(110, 'EuraLille', 'Etage 1', 'Montfermeil', 94, '59000', '', '2015-09-01 17:20:53'),
(111, '140 rue de sartrouville', 'APP 6', 'Charenton-le-Pont', 75, '92000', '', '2015-09-06 21:14:23'),
(112, '140 rue de sartrouville', 'APP 6', '', 75, '92000', '', '2015-09-06 21:15:51'),
(113, 'EuraLille', 'Etage 2', '', 94, '59000', '', '2015-09-06 21:15:51'),
(114, 'Defense', 'BAT C APPT 10', '', 75, '92000', '', '2015-09-06 21:40:08'),
(115, 'Quatere temps', 'Etage 2', '', 94, '59000', '', '2015-09-06 21:40:08'),
(116, '140 rue de sartrouville', 'BAT C APPT 10', '', 75, '92000', '', '2015-09-06 21:42:44'),
(117, 'EuraLille', 'Etage 1', '', 94, '59000', '', '2015-09-06 21:42:44'),
(118, '140 rue de sartrouville', 'BAT C APPT 10', '', 75, '92000', '', '2015-09-06 21:43:57'),
(119, 'EuraLille', 'Etage 2', '', 94, '59000', '', '2015-09-06 21:43:57'),
(120, '140 rue de sartrouville', 'BAT C APPT 10', '', 75, '92000', '', '2015-09-06 21:46:37'),
(121, 'EuraLille', 'Etage 1', '', 94, '59000', '', '2015-09-06 21:46:37'),
(122, '140 rue de sartrouville', 'Rond point', '', 75, '92000', '', '2015-09-06 21:53:33'),
(123, 'EuraLille', 'Etage 2', '', 94, '59000', '', '2015-09-06 21:53:33'),
(124, '140 rue de sartrouville', 'Rond point', '', 75, '92000', '', '2015-09-06 22:08:28'),
(125, 'EuraLille', 'Etage 2', '', 94, '59000', '', '2015-09-06 22:08:28'),
(126, '140 rue de sartrouville', 'Rond point', '', 75, '92000', '', '2015-09-07 10:42:35'),
(127, 'Quatere temps', 'Etage 1', '', 94, '59000', '', '2015-09-07 10:42:35'),
(128, '140 rue de sartrouville', 'Rond point', '', 75, '92000', '', '2015-09-07 10:44:03'),
(129, 'Quatere temps', 'Etage 2', '', 94, '59000', '', '2015-09-07 10:44:03'),
(130, '140 rue de sartrouville', 'Rond point', '', 75, '92000', '', '2015-09-07 10:55:31'),
(131, 'Quatere temps', 'Etage 1', '', 94, '59000', '', '2015-09-07 10:55:31'),
(132, '140 rue de sartrouville', 'Centre', '', 75, '92500', '', '2015-09-07 10:57:26'),
(133, 'Quatere temps', 'Etage 2', '', 94, '59000', '', '2015-09-07 10:57:26'),
(134, '140 rue de sartrouville', 'Rond point', '', 75, '92500', '', '2015-09-07 11:01:22'),
(135, 'EuraLille', 'Etage 1', '', 94, '59000', '', '2015-09-07 11:01:22'),
(136, '140 rue de sartrouville', 'APP 6', '', 75, '92000', '', '2015-09-07 11:02:42'),
(137, 'EuraLille', 'Etage 1', '', 94, '59000', '', '2015-09-07 11:02:42'),
(138, '140 rue de sartrouville', 'Centre', '', 75, '92500', '', '2015-09-07 11:06:27'),
(139, 'EuraLille', 'Etage 1', '', 94, '59000', '', '2015-09-07 11:06:27'),
(140, '140 rue de sartrouville', 'Rond point', '', 75, '92000', '', '2015-09-07 12:10:10'),
(141, 'EuraLille', 'Etage 1', '', 94, '59000', '', '2015-09-07 12:10:10'),
(142, '140 rue de sartrouville', 'Rond point', '', 75, '92000', '', '2015-09-07 12:14:48'),
(143, 'EuraLille', 'Etage 1', '', 94, '59000', '', '2015-09-07 12:14:48'),
(144, '140 rue de sartrouville', 'Rond point', '', 75, '92000', '', '2015-09-07 12:17:19'),
(145, 'Quatere temps', 'Etage 1', '', 94, '59000', '', '2015-09-07 12:17:19'),
(146, '140 rue de sartrouville', 'Vente', '', 75, '92500', '', '2015-09-07 12:28:04'),
(147, 'EuraLille', 'Etage 2', '', 94, '59000', '', '2015-09-07 12:28:04'),
(148, '140 rue de sartrouville', 'Rond point', '', 75, '92000', '', '2015-09-07 12:38:39'),
(149, 'Quatere temps', 'Etage 2', '', 94, '59000', '', '2015-09-07 12:38:39'),
(150, '140 rue de sartrouville', 'Rond point', '', 75, '92000', '', '2015-09-07 14:08:28'),
(151, 'EuraLille', 'Etage 2', '', 94, '59000', '', '2015-09-07 14:08:28'),
(152, '140 rue de sartrouville', 'BAT C APPT 10', '', 75, '92000', '', '2015-09-07 14:15:45'),
(153, 'EuraLille', 'Etage 2', '', 94, '59000', '', '2015-09-07 14:15:45'),
(154, 'Rue 20', 'Abell', '', 75, '59000', '', '2015-09-07 14:27:49'),
(155, 'oefoiaehz', 'kjsnvoizhio', '', 94, '589000', '', '2015-09-07 14:27:49'),
(156, '140 rue de sartrouville', 'Rond point', '', 75, '92000', '', '2015-09-07 14:35:26'),
(157, 'Quatere temps', 'Etage 2', '', 94, '92000', '', '2015-09-07 14:35:26'),
(158, '140 rue de sartrouville', 'Rond point', '', 75, '92000', '', '2015-09-07 14:52:37'),
(159, 'Quatere temps', 'Etage 2', '', 94, '59000', '', '2015-09-07 14:52:37'),
(160, '140 rue de sartrouville', 'Rond point', '', 75, '92500', '', '2015-09-07 15:02:00'),
(161, 'EuraLille', 'Etage 1', '', 94, '59000', '', '2015-09-07 15:02:00'),
(162, '140 rue de sartrouville', 'Centre', '', 75, '92000', '', '2015-09-07 15:11:27'),
(163, 'Quatere temps', 'Etage 1', '', 94, '59000', '', '2015-09-07 15:11:27'),
(164, '140 rue de sartrouville', 'Rond point', '', 75, '92000', '', '2015-09-07 15:23:03'),
(165, 'EuraLille', 'Etage 2', '', 94, '59000', '', '2015-09-07 15:23:03'),
(166, '140 rue de sartrouville', 'Centre', '', 75, '92000', '', '2015-09-07 17:25:26'),
(167, 'EuraLille', 'Etage 2', '', 94, '59000', '', '2015-09-07 17:25:26'),
(168, 'Km36', 'BAT C APPT 10', '', 75, '92000', '', '2015-09-07 17:35:38'),
(169, 'Quatere temps', 'Etage 2', '', 94, '59000', '', '2015-09-07 17:35:38'),
(170, '140 rue de sartrouville', 'Centre', '', 75, '92000', '', '2015-09-07 17:40:36'),
(171, 'Quatere temps', 'Etage 2', '', 94, '59000', '', '2015-09-07 17:40:36'),
(172, '140 rue de sartrouville', 'BAT C APPT 10', '', 75, '92000', '', '2015-09-07 21:08:39'),
(173, 'Quatere temps', 'Etage 1', '', 94, '59000', '', '2015-09-07 21:08:39'),
(174, 'Km36', 'Rond point', '', 75, '92000', '', '2015-09-08 10:45:50'),
(175, 'Quatere temps', 'Etage 2', '', 94, '59000', '', '2015-09-08 10:45:50'),
(176, '140 rue de sartrouville', 'Rond point', '', 75, '92000', '', '2015-09-08 11:27:33'),
(177, 'Quatere temps', 'Etage 1', '', 94, '59000', '', '2015-09-08 11:27:33'),
(178, '140 rue de sartrouville', 'BAT C APPT 10', '', 75, '92000', '', '2015-09-08 11:37:05'),
(179, 'Quatere temps', 'Etage 1', '', 94, '59000', '', '2015-09-08 11:37:05'),
(180, 'kqbcehu', 'kbvcuehu', '', 75, '59000', '', '2015-09-08 11:43:07'),
(181, 'oihvoiae vevhoezhv', 'sbuvhouizhsvoiz', '', 94, '98000', '', '2015-09-08 11:43:07'),
(182, 'Issy les moulinos', 'Rond point', '', 75, '92000', '', '2015-09-08 13:59:50'),
(183, 'CNIT', 'Etage 1', '', 94, '59000', '', '2015-09-08 13:59:50'),
(184, '140 rue de sartrouville', 'BAT C APPT 10', '', 75, '92000', '', '2015-09-08 15:29:47'),
(185, 'Quatere temps', 'Etage 1', '', 94, '59000', '', '2015-09-08 15:29:47'),
(186, 'Issy les moulinos', 'Rond point', '', 75, '92000', '', '2015-09-08 16:13:02'),
(187, 'CNIT', 'Etage 1', '', 94, '59000', '', '2015-09-08 16:13:02'),
(188, 'Issy les moulinos', 'Rond point', '', 75, '92000', '', '2015-09-08 19:33:07'),
(189, 'Quatere temps', 'Etage 2', '', 94, '59000', '', '2015-09-08 19:33:07'),
(190, 'Issy les moulinos', 'Rond point', '', 75, '92000', '', '2015-09-08 19:37:00'),
(191, 'Quatere temps', 'Etage 1', '', 94, '59000', '', '2015-09-08 19:37:00'),
(192, 'Issy les moulinos', 'BAT C APPT 10', '', 75, '92500', '', '2015-09-09 12:37:28'),
(193, 'Quatere temps', 'Etage 2', '', 94, '59000', '', '2015-09-09 12:37:28'),
(194, 'Issy les moulinos', 'Centre', '', 75, '92000', '', '2015-09-09 12:48:30'),
(195, 'Quatere temps', 'Etage 2', '', 94, '59000', '', '2015-09-09 12:48:30'),
(196, 'Issy les moulinos', 'BAT C APPT 10', '', 75, '92000', '', '2015-09-09 13:23:01'),
(197, 'Quatere temps', 'Etage 1', '', 94, '59000', '', '2015-09-09 13:23:01'),
(198, 'Issy les moulinos', 'BAT C APPT 10', '', 75, '92000', '', '2015-09-09 18:18:54'),
(199, 'EuraLille', 'Etage 2', '', 94, '59000', '', '2015-09-09 18:18:54'),
(200, 'Issy les moulinos', 'Centre', '', 75, '92000', '', '2015-09-09 18:23:34'),
(201, 'EuraLille', 'Etage 2', '', 94, '59000', '', '2015-09-09 18:23:34'),
(202, 'Issy les moulinos', 'BAT C APPT 10', '', 75, '92500', '', '2015-09-09 18:37:18'),
(203, 'CNIT', 'Etage 1', '', 94, '59000', '', '2015-09-09 18:37:18'),
(204, 'Issy les moulinos', 'Rond point', '', 75, '92000', '', '2015-09-09 18:42:44'),
(205, 'EuraLille', 'Etage 1', '', 94, '59000', '', '2015-09-09 18:42:44'),
(206, 'Issy les moulinos', 'puteaux', '', 75, '92000', '', '2015-09-09 18:45:39'),
(207, 'CNIT', 'Etage 1', '', 94, '59000', '', '2015-09-09 18:45:39'),
(208, 'Issy les moulinos', 'Rond point', '', 75, '92500', '', '2015-09-09 18:49:11'),
(209, 'EuraLille', 'Etage 1', '', 94, '59000', '', '2015-09-09 18:49:11'),
(210, 'Issy les moulinos', 'BAT C APPT 10', '', 75, '92500', '', '2015-09-09 18:51:41'),
(211, 'CNIT', 'Etage 1', '', 94, '92000', '', '2015-09-09 18:51:41'),
(212, 'Issy les moulinos', 'BAT C APPT 10', '', 75, '92500', '', '2015-09-09 19:03:01'),
(213, 'Quatere temps', 'Etage 1', '', 94, '59000', '', '2015-09-09 19:03:01'),
(214, 'Issy les moulinos', 'Centre', '', 75, '92000', '', '2015-09-09 19:09:30'),
(215, 'CNIT', 'Etage 1', '', 94, '59000', '', '2015-09-09 19:09:30'),
(216, 'Issy les moulinos', 'APP 6', '', 75, '92500', '', '2015-09-09 19:15:37'),
(217, 'Quatere temps', 'Etage 1', '', 94, '59000', '', '2015-09-09 19:15:37'),
(218, 'Issy les moulinos', 'Rond point', '', 75, '92500', '', '2015-09-09 20:08:49'),
(219, 'EuraLille', 'Etage 1', '', 94, '59000', '', '2015-09-09 20:08:49'),
(220, 'Issy les moulinos', 'Centre', '', 75, '92000', '', '2015-09-09 20:13:32'),
(221, 'CNIT', 'Etage 1', '', 94, '59000', '', '2015-09-09 20:13:32'),
(222, 'Issy les moulinos', 'BAT C APPT 10', '', 75, '92000', '', '2015-09-09 20:19:16'),
(223, 'EuraLille', 'Etage 1', '', 94, '59000', '', '2015-09-09 20:19:16'),
(224, 'Issy les moulinos', 'Rond point', '', 75, '92500', '', '2015-09-09 20:42:36'),
(225, 'EuraLille', 'Etage 1', '', 94, '59000', '', '2015-09-09 20:42:36'),
(226, 'Km36', 'BAT C APPT 10', '', 75, '92000', '', '2015-09-09 20:55:09'),
(227, 'EuraLille', 'Etage 1', '', 94, '59000', '', '2015-09-09 20:55:09'),
(228, 'Issy les moulinos', 'Centre', '', 75, '92000', '', '2015-09-09 20:59:02'),
(229, 'EuraLille', 'Etage 2', '', 94, '59000', '', '2015-09-09 20:59:02'),
(230, 'Issy les moulinos', 'APP 6', '', 75, '92000', '', '2015-09-10 12:09:53'),
(231, 'CNIT', 'Etage 1', '', 94, '59000', '', '2015-09-10 12:09:53'),
(232, 'Km36', 'BAT C APPT 10', '', 75, '92000', '', '2015-09-10 12:22:10'),
(233, 'CNIT', 'Etage 1', '', 94, '59000', '', '2015-09-10 12:22:10'),
(234, 'Issy les moulinos', 'BAT C APPT 10', '', 75, '92500', '', '2015-09-10 12:25:59'),
(235, 'EuraLille', 'Etage 1', '', 94, '59000', '', '2015-09-10 12:25:59'),
(236, 'Issy les moulinos', 'BAT C APPT 10', '', 75, '92500', '', '2015-09-10 12:31:36'),
(237, 'EuraLille', 'Etage 1', '', 94, '59000', '', '2015-09-10 12:31:36'),
(238, 'Issy les moulinos', 'Rond point', '', 75, '92500', '', '2015-09-10 12:39:02'),
(239, 'CNIT', 'Etage 1', '', 94, '59000', '', '2015-09-10 12:39:02'),
(240, '140 rue de sartrouville', 'Rond point', '', 75, '92000', '', '2015-09-10 13:00:43'),
(241, 'EuraLille', 'Etage 1', '', 94, '59000', '', '2015-09-10 13:00:43'),
(242, 'Defense', 'Rond point', '', 75, '92000', '', '2015-09-10 13:06:51'),
(243, 'EuraLille', 'Etage 1', '', 94, '59000', '', '2015-09-10 13:06:51'),
(244, 'Defense', 'APP 6', '', 75, '92000', '', '2015-09-10 13:10:17'),
(245, 'CNIT', 'Etage 1', '', 94, '59000', '', '2015-09-10 13:10:17'),
(246, 'Defense', 'Rond point', '', 75, '92000', '', '2015-09-10 13:37:11'),
(247, 'CNIT', 'Etage 1', '', 94, '59000', '', '2015-09-10 13:37:11'),
(248, '140 rue de sartrouville', 'Rond point', '', 75, '92500', '', '2015-09-11 07:32:40'),
(249, 'EuraLille', 'Etage 1', '', 94, '59000', '', '2015-09-11 07:32:40'),
(250, '140 rue de sartrouville', 'Rond point', '', 75, '92000', '', '2015-09-11 10:25:06'),
(251, 'EuraLille', 'Etage 1', '', 94, '59000', '', '2015-09-11 10:25:06'),
(252, '140 rue de sartrouville', 'Rond point', '', 75, '92000', '', '2015-09-11 10:33:37'),
(253, 'EuraLille', 'Etage 1', '', 94, '59000', '', '2015-09-11 10:33:37'),
(254, '140 rue de sartrouville', 'Rond point', '', 75, '92500', '', '2015-09-11 10:39:53'),
(255, 'EuraLille', 'Etage 1', '', 94, '59000', '', '2015-09-11 10:39:53'),
(256, '140 rue de sartrouville', 'Rond point', '', 75, '92500', '', '2015-09-11 10:49:51'),
(257, 'EuraLille', 'Etage 1', '', 94, '59000', '', '2015-09-11 10:49:51'),
(258, 'Km36', 'Rond point', '', 75, '92000', '', '2015-09-11 10:59:43'),
(259, 'EuraLille', 'Etage 1', '', 94, '92000', '', '2015-09-11 10:59:43'),
(260, '140 rue de sartrouville', 'BAT C APPT 10', '', 75, '92000', '', '2015-09-11 11:01:59'),
(261, 'EuraLille', 'Etage 1', '', 94, '59000', '', '2015-09-11 11:01:59'),
(262, '140 rue de sartrouville', 'BAT C APPT 10', '', 75, '92000', '', '2015-09-12 18:04:23'),
(263, 'EuraLille', 'Etage 1', '', 94, '59000', '', '2015-09-12 18:04:23'),
(264, 'Quatere temps', 'Etage 1', '', 75, '98011', '', '2015-09-15 14:32:09'),
(265, 'Quatere temps', 'Etage 1', '', 94, '59000', '', '2015-09-15 14:32:09'),
(266, 'Quatere temps', 'Etage 1', '', 75, '92000', '', '2015-09-15 14:37:14'),
(267, 'Quatere temps', 'Etage 1', '', 94, '59000', '', '2015-09-15 14:37:14'),
(268, 'Quatere temps', 'Etage 1', '', 75, '98011', '', '2015-09-15 14:41:45'),
(269, 'Quatere temps', 'Etage 1', '', 94, '59000', '', '2015-09-15 14:41:45'),
(270, 'Quatere temps', 'Etage 1', '', 75, '59000', '', '2015-09-15 14:54:34'),
(271, 'Quatere temps', 'Etage 1', '', 94, '59000', '', '2015-09-15 14:54:34'),
(272, 'EuraLille', 'Etage 1', '', 75, '98011', '', '2015-09-15 15:01:34'),
(273, 'Quatere temps', 'Etage 1', '', 94, '59000', '', '2015-09-15 15:01:34'),
(274, 'Quatere temps', 'Etage 1', '', 75, '98011', '', '2015-09-15 15:03:31'),
(275, 'Quatere temps', 'Etage 1', '', 94, '59000', '', '2015-09-15 15:03:31'),
(276, 'Quatere temps', 'Etage 1', '', 75, '98011', '', '2015-09-15 15:06:44'),
(277, 'EuraLille', 'Etage 1', '', 94, '59000', '', '2015-09-15 15:06:44'),
(278, 'Quatere temps', 'Etage 1', '', 75, '98011', '', '2015-09-15 15:16:20'),
(279, 'EuraLille', 'Etage 2', '', 94, '59000', '', '2015-09-15 15:16:20'),
(280, 'Quatere temps', 'Etage 1', '', 75, '98011', '', '2015-09-15 15:27:01'),
(281, 'EuraLille', 'Etage 1', '', 94, '59000', '', '2015-09-15 15:27:01'),
(282, 'Quatere temps', 'Etage 1', '', 75, '59000', '', '2015-09-15 15:38:22'),
(283, 'Quatere temps', 'Etage 1', '', 94, '59000', '', '2015-09-15 15:38:22'),
(284, 'EuraLille', 'Etage 1', '', 75, '98011', '', '2015-09-15 15:42:17'),
(285, 'EuraLille', 'Etage 1', '', 94, '59000', '', '2015-09-15 15:42:17'),
(286, 'Quatere temps', 'Etage 1', '', 75, '59000', '', '2015-09-15 15:44:40'),
(287, 'EuraLille', 'Etage 1', '', 94, '59000', '', '2015-09-15 15:44:40'),
(288, 'EuraLille', 'Etage 1', '', 75, '98011', '', '2015-09-20 12:51:52'),
(289, 'CNIT', 'Etage 1', '', 94, '92000', '', '2015-09-20 12:51:52'),
(290, 'CNIT', 'Etage 1', '', 75, '59000', '', '2015-09-20 12:57:37'),
(291, 'CNIT', 'Etage 1', '', 94, '92000', '', '2015-09-20 12:57:37'),
(292, 'EuraLille', 'Etage 1', '', 75, '59000', '', '2015-09-20 13:09:45'),
(293, 'EuraLille', 'Etage 1', '', 94, '59000', '', '2015-09-20 13:09:45'),
(294, 'EuraLille', 'Etage 1', '', 75, '59000', '', '2015-09-20 13:12:32'),
(295, 'EuraLille', 'Etage 1', '', 94, '59000', '', '2015-09-20 13:12:32'),
(296, 'EuraLille', 'Etage 1', '', 75, '59000', '', '2015-09-20 13:14:01'),
(297, 'EuraLille', 'Etage 1', '', 94, '59000', '', '2015-09-20 13:14:01'),
(298, 'EuraLille', 'Etage 1', '', 75, '67000', '', '2015-09-20 13:18:12'),
(299, 'EuraLille', 'Etage 1', '', 94, '59000', '', '2015-09-20 13:18:12'),
(300, 'EuraLille', 'Etage 1', '', 75, '59000', '', '2015-09-20 16:20:36'),
(301, 'CNIT', 'Etage 1', '', 94, '92000', '', '2015-09-20 16:20:36'),
(302, 'EuraLille', 'Etage 1', '', 75, '98011', '', '2015-09-20 16:30:58'),
(303, 'CNIT', 'Etage 1', '', 94, '92000', '', '2015-09-20 16:30:58'),
(304, 'EuraLille', 'Etage 1', '', 75, '98011', '', '2015-09-20 17:55:47'),
(305, 'EuraLille', 'Etage 1', '', 94, '59000', '', '2015-09-20 17:55:47'),
(306, 'Quatere temps', 'Etage 1', '', 75, '59000', '', '2015-09-22 08:58:41'),
(307, 'Quatere temps', 'Etage 2', '', 94, '92000', '', '2015-09-22 08:58:41'),
(308, 'Quatere temps', 'Etage 2', '', 75, '98011', '', '2015-09-22 11:57:10'),
(309, 'EuraLille', 'Etage 1', '', 94, '59000', '', '2015-09-22 11:57:10'),
(310, 'EuraLille', 'Etage 1', '', 75, '98011', '', '2015-09-22 12:33:10'),
(311, 'EuraLille', 'Etage 2', '', 94, '92000', '', '2015-09-22 12:33:10'),
(312, 'EuraLille', 'Etage 2', '', 75, '59000', '', '2015-09-23 14:42:15'),
(313, 'Quatere temps', 'Etage 2', '', 94, '92000', '', '2015-09-23 14:42:16'),
(314, 'EuraLille', 'Etage 2', '', 75, '59000', '', '2015-09-24 19:02:35'),
(315, 'Quatere temps', 'Etage 2', '', 94, '92000', '', '2015-09-24 19:02:35'),
(316, 'EuraLille', 'Etage 2', '', 75, '59000', '', '2015-09-27 14:27:36'),
(317, 'EuraLille', 'Etage 2', '', 94, '59000', '', '2015-09-27 14:27:36'),
(318, 'Quatere temps', 'Etage 2', '', 75, '98011', '', '2015-09-27 18:20:45'),
(319, 'CNIT', 'Etage 2', '', 94, '59000', '', '2015-09-27 18:20:46'),
(320, 'EuraLille', 'Etage 2', '', 75, '59000', '', '2015-10-05 14:06:28'),
(321, 'EuraLille', 'Etage 2', '', 94, '59000', '', '2015-10-05 14:06:28'),
(322, 'EuraLille', 'Etage 2', '', 75, '69002', '', '2015-10-05 14:09:41'),
(323, 'EuraLille', 'Etage 2', '', 94, '59000', '', '2015-10-05 14:09:41'),
(324, 'EuraLille', 'Etage 2', '', 75, '59000', '', '2015-10-06 17:21:24'),
(325, 'CNIT', 'Etage 1', '', 94, '59000', '', '2015-10-06 17:21:24'),
(326, 'EuraLille', 'Etage 2', '', 75, '59000', '', '2015-10-06 17:28:26'),
(327, 'EuraLille', 'Etage 2', '', 94, '59000', '', '2015-10-06 17:28:26'),
(328, 'Quatere temps', 'Etage 2', '', 75, '59000', '', '2015-10-06 18:48:30'),
(329, 'opjopjpoj', 'opjopjpoj', '', 94, '92000', '', '2015-10-06 18:48:31'),
(330, 'Quatere temps', 'Etage 2', '', 75, '98011', '', '2015-10-06 18:52:27'),
(331, 'EuraLille', 'Etage 2', '', 94, '59000', '', '2015-10-06 18:52:27'),
(332, 'CNIT', 'Etage 1', '', 75, '59000', '', '2015-10-14 19:37:09'),
(333, 'Quatere temps', 'Etage 2', '', 94, '59000', '', '2015-10-14 19:37:09'),
(334, 'Quatere temps', 'Etage 2', '', 75, '59000', '', '2015-10-15 09:19:18'),
(335, 'Quatere temps', 'Etage 2', '', 94, '59000', '', '2015-10-15 09:19:18'),
(336, 'Quatere temps', 'Etage 2', '', 75, '59000', '', '2015-10-15 10:24:46'),
(337, 'Quatere temps', 'Etage 1', '', 94, '59000', '', '2015-10-15 10:24:46'),
(338, 'Quatere temps', 'Etage 2', '', 75, '59000', '', '2015-10-15 10:25:08'),
(339, 'Quatere temps', 'Etage 2', '', 94, '59000', '', '2015-10-15 10:25:08'),
(340, 'Quatere temps', 'Etage 1', '', 75, '98011', '', '2015-10-15 11:35:06'),
(341, 'Quatere temps', 'Etage 2', '', 94, '59000', '', '2015-10-15 11:35:06'),
(342, 'Quatere temps', 'Etage 2', '', 75, '67000', '', '2015-10-15 14:04:11'),
(343, 'Quatere temps', 'Etage 2', '', 94, '92000', '', '2015-10-15 14:04:11'),
(344, 'Quatere temps', 'Etage 2', '', 75, '67000', '', '2015-10-15 14:04:18'),
(345, 'Quatere temps', 'Etage 2', '', 94, '92000', '', '2015-10-15 14:04:18'),
(346, 'Quatere temps', 'Etage 2', '', 75, '67000', '', '2015-10-15 14:04:26'),
(347, 'Quatere temps', 'Etage 2', '', 94, '92000', '', '2015-10-15 14:04:26'),
(348, 'CNIT', 'Etage 2', '', 75, '59000', '', '2015-10-15 14:06:47'),
(349, 'Quatere temps', 'Etage 2', '', 94, '59000', '', '2015-10-15 14:06:47'),
(350, 'CNIT', 'Etage 1', '', 75, '59000', '', '2015-10-17 15:34:12'),
(351, 'Quatere temps', 'Etage 1', '', 94, '59000', '', '2015-10-17 15:34:12'),
(352, 'Quatere temps', 'Etage 2', '', 75, '59000', '', '2015-10-17 16:15:33'),
(353, 'Quatere temps', 'Etage 1', '', 94, '59000', '', '2015-10-17 16:15:33'),
(354, 'Quatere temps', 'Etage 2', '', 75, '59000', '', '2015-10-17 16:16:28'),
(355, 'Quatere temps', 'Etage 1', '', 94, '59000', '', '2015-10-17 16:16:28'),
(356, 'Quatere temps', 'Etage 1', '', 75, '59000', '', '2015-10-18 12:05:23'),
(357, 'Quatere temps', 'Etage 2', '', 94, '59000', '', '2015-10-18 12:05:23'),
(358, 'Quatere temps', 'Etage 1', '', 75, '59000', '', '2015-10-18 12:07:36'),
(359, 'CNIT', 'Etage 2', '', 94, '59000', '', '2015-10-18 12:07:36'),
(360, 'Quatere temps', 'Etage 1', '', 75, '59000', '', '2015-10-18 12:15:29'),
(361, 'Quatere temps', 'Etage 2', '', 94, '92000', '', '2015-10-18 12:15:29'),
(362, 'Quatere temps', 'Etage 1', '', 75, '59000', '', '2015-10-18 12:19:04'),
(363, 'Quatere temps', 'Etage 2', '', 94, '92000', '', '2015-10-18 12:19:04'),
(364, 'Quatere temps', 'Etage 2', '', 75, '59000', '', '2015-10-18 12:22:13'),
(365, 'Quatere temps', 'Etage 2', '', 94, '59000', '', '2015-10-18 12:22:13'),
(366, 'Quatere temps', 'Etage 1', '', 75, '59000', '', '2015-10-18 12:41:08'),
(367, 'Quatere temps', 'Etage 2', '', 94, '59000', '', '2015-10-18 12:41:08'),
(368, 'Quatere temps', 'Etage 1', '', 75, '59000', '', '2015-10-18 12:50:20'),
(369, 'EuraLille', 'Etage 2', '', 94, '92000', '', '2015-10-18 12:50:20'),
(370, 'EuraLille', 'Etage 2', '', 75, '59000', '', '2015-10-18 12:51:42'),
(371, 'EuraLille', 'Etage 2', '', 94, '92000', '', '2015-10-18 12:51:42'),
(372, 'Quatere temps', 'Etage 1', '', 75, '92000', '', '2015-10-18 12:55:42'),
(373, 'Quatere temps', 'Etage 1', '', 94, '59000', '', '2015-10-18 12:55:42'),
(374, 'EuraLille', 'Etage 1', '', 75, '59000', '', '2015-10-18 13:30:24'),
(375, 'CNIT', 'Etage 2', '', 94, '59000', '', '2015-10-18 13:30:24'),
(376, 'EuraLille', 'Etage 1', '', 75, '59000', '', '2015-10-18 13:44:51'),
(377, 'CNIT', 'Etage 2', '', 94, '59000', '', '2015-10-18 13:44:51'),
(378, 'EuraLille', 'Etage 1', '', 75, '59000', '', '2015-10-18 13:45:06'),
(379, 'CNIT', 'Etage 2', '', 94, '59000', '', '2015-10-18 13:45:06'),
(380, 'EuraLille', 'Etage 2', '', 75, '59000', '', '2015-10-18 13:54:32'),
(381, 'Quatere temps', 'Etage 2', '', 94, '59000', '', '2015-10-18 13:54:32'),
(382, 'Quatere temps', 'Etage 1', '', 75, '59000', '', '2015-10-18 18:55:35'),
(383, 'Quatere temps', 'Etage 1', '', 94, '59000', '', '2015-10-18 18:55:35'),
(384, 'EuraLille', 'Etage 1', '', 75, '59000', '', '2015-10-18 19:00:54'),
(385, 'EuraLille', 'Etage 1', '', 94, '59000', '', '2015-10-18 19:00:54'),
(386, 'EuraLille', 'Etage 2', '', 75, '59000', '', '2015-10-18 19:29:44'),
(387, 'Quatere temps', 'Etage 2', '', 94, '92000', '', '2015-10-18 19:29:44'),
(388, 'EuraLille', 'Etage 2', '', 75, '59000', '', '2015-10-18 19:31:18'),
(389, 'Quatere temps', 'Etage 2', '', 94, '92000', '', '2015-10-18 19:31:18'),
(390, 'EuraLille', 'Etage 2', '', 75, '59000', '', '2015-10-18 20:45:46'),
(391, 'EuraLille', 'Etage 1', '', 94, '92000', '', '2015-10-18 20:45:46'),
(392, 'EuraLille', 'Etage 1', '', 75, '59000', '', '2015-10-18 20:51:28'),
(393, 'EuraLille', 'Etage 1', '', 94, '59000', '', '2015-10-18 20:51:28'),
(394, 'EuraLille', 'Etage 1', '', 75, '59000', '', '2015-10-18 21:00:39'),
(395, 'Quatere temps', 'Etage 1', '', 94, '59000', '', '2015-10-18 21:00:39'),
(396, 'Quatere temps', 'Etage 2', '', 75, '98011', '', '2015-10-18 21:05:39'),
(397, 'EuraLille', 'Etage 1', '', 94, '59000', '', '2015-10-18 21:05:39'),
(398, 'EuraLille', 'Etage 2', '', 75, '59000', '', '2015-10-20 00:56:13'),
(399, 'Quatere temps', 'Etage 2', '', 94, '92000', '', '2015-10-20 00:56:13'),
(400, 'EuraLille', 'Etage 2', '', 75, '59000', '', '2015-10-20 00:56:45'),
(401, 'Quatere temps', 'Etage 2', '', 94, '92000', '', '2015-10-20 00:56:45'),
(402, 'EuraLille', 'Etage 1', '', 75, '98011', '', '2015-10-20 01:23:54'),
(403, 'EuraLille', 'Etage 2', '', 94, '59000', '', '2015-10-20 01:23:54'),
(404, 'EuraLille', 'Etage 2', '', 75, '59000', '', '2015-10-20 01:29:03'),
(405, 'EuraLille', 'Etage 2', '', 94, '59000', '', '2015-10-20 01:29:03'),
(406, 'CNIT', 'Etage 2', '', 75, '92000', '', '2015-10-20 01:52:18'),
(407, 'CNIT', 'Etage 2', '', 94, '92000', '', '2015-10-20 01:52:18'),
(408, 'CNIT', 'Etage 1', '', 75, '92000', '', '2015-10-20 01:58:02'),
(409, 'EuraLille', 'Etage 1', '', 94, '59000', '', '2015-10-20 01:58:02'),
(410, 'EuraLille', 'Etage 2', '', 75, '92000', '', '2015-10-20 08:54:54'),
(411, 'CNIT', 'Etage 2', '', 94, '92000', '', '2015-10-20 08:54:54'),
(412, 'Quatere temps', 'Etage 2', '', 75, '59000', '', '2015-10-20 08:59:50'),
(413, 'CNIT', 'Etage 1', '', 94, '92000', '', '2015-10-20 08:59:50'),
(414, 'Quatere temps', 'Etage 2', '', 75, '59000', '', '2015-10-21 10:15:37'),
(415, 'Quatere temps', 'Etage 2', '', 94, '59000', '', '2015-10-21 10:15:37'),
(416, 'EuraLille', 'Etage 2', '', 75, '98011', '', '2015-10-24 01:31:25'),
(417, 'Quatere temps', 'Etage 2', '', 94, '59000', '', '2015-10-24 01:31:25'),
(418, 'Quatere temps', 'Etage 2', '', 75, '59000', '', '2015-10-25 20:38:57'),
(419, 'CNIT', 'Etage 2', '', 94, '92000', '', '2015-10-25 20:38:57'),
(420, 'EuraLille', 'Etage 1', '', 75, '59000', '', '2015-11-01 18:27:46'),
(421, 'Quatere temps', 'Etage 2', '', 94, '92000', '', '2015-11-01 18:27:46'),
(422, 'EuraLille', 'Etage 1', '', 75, '98011', '', '2015-11-03 02:15:46'),
(423, 'EuraLille', 'Etage 1', '', 94, '59000', '', '2015-11-03 02:15:46'),
(424, 'EuraLille', 'Etage 2', '', 75, '59000', '', '2015-12-22 13:50:08'),
(425, 'EuraLille', 'Etage 1', '', 94, '92000', '', '2015-12-22 13:50:08'),
(426, '1 rue constantin', 'pARIS', '', 75, '92500', '', '2016-02-05 13:33:38'),
(427, '23 Rue alfred camus', 'pARIS', '', 94, '34000', '', '2016-02-05 13:33:38'),
(428, '1 rue constantin', 'pARIS', '', 75, '92500', '', '2016-02-05 13:34:14'),
(429, '23 Rue alfred camus', 'pARIS', '', 94, '34000', '', '2016-02-05 13:34:14'),
(430, '1 rue constantin', 'pARIS', '', 75, '92500', '', '2016-02-05 13:37:32'),
(431, '23 Rue alfred camus', 'pARIS', '', 94, '34000', '', '2016-02-05 13:37:32'),
(432, '1 rue constantin', 'Nanterre', '', 75, '92500', '', '2016-02-05 14:05:24'),
(433, 'Rue Ahmed sekou Toure', 'pARIS', '', 94, '34000', '', '2016-02-05 14:05:24'),
(434, '1 rue constantin', 'Nanterre', '', 75, '92000', '', '2016-02-05 15:38:21'),
(435, 'Rue Ahmed sekou Toure', 'pARIS', '', 94, '34000', '', '2016-02-05 15:38:21'),
(436, '1 rue constantin', 'pARIS', '', 75, '92500', '', '2016-02-05 16:01:11'),
(437, 'Rue Ahmed sekou Toure', 'Nanterre', '', 94, '34000', '', '2016-02-05 16:01:11');

-- --------------------------------------------------------

--
-- Structure de la table `cexp_articles`
--

CREATE TABLE IF NOT EXISTS `cexp_articles` (
  `ArticleID` int(11) NOT NULL AUTO_INCREMENT,
  `Designation` varchar(30) CHARACTER SET utf8 NOT NULL,
  PRIMARY KEY (`ArticleID`)
) ENGINE=MyISAM  DEFAULT CHARSET=utf8 COLLATE=utf8_unicode_ci AUTO_INCREMENT=6 ;

--
-- Contenu de la table `cexp_articles`
--

INSERT INTO `cexp_articles` (`ArticleID`, `Designation`) VALUES
(1, 'Select article'),
(2, 'Congélateur'),
(3, 'Téléviseur'),
(4, 'Ordinateur portable'),
(5, 'Valise habile');

-- --------------------------------------------------------

--
-- Structure de la table `cexp_collectionsetup`
--

CREATE TABLE IF NOT EXISTS `cexp_collectionsetup` (
  `CollectionsetupID` int(11) NOT NULL AUTO_INCREMENT,
  `ServiceID` int(11) NOT NULL,
  `MeansID` int(11) NOT NULL,
  `VolumeRangesID` int(11) NOT NULL,
  `WeightRangesID` int(11) NOT NULL,
  `StateOrigineID` int(11) NOT NULL,
  `StateDestinationID` int(11) NOT NULL,
  `CityOrigineID` int(11) NOT NULL,
  `CityDestinationID` int(11) NOT NULL,
  `ArticleID` int(11) DEFAULT NULL,
  `Amount` double NOT NULL,
  PRIMARY KEY (`CollectionsetupID`)
) ENGINE=MyISAM  DEFAULT CHARSET=utf8 COLLATE=utf8_unicode_ci AUTO_INCREMENT=8 ;

--
-- Contenu de la table `cexp_collectionsetup`
--

INSERT INTO `cexp_collectionsetup` (`CollectionsetupID`, `ServiceID`, `MeansID`, `VolumeRangesID`, `WeightRangesID`, `StateOrigineID`, `StateDestinationID`, `CityOrigineID`, `CityDestinationID`, `ArticleID`, `Amount`) VALUES
(1, 2, 1, 1, 1, 75, 75, 92000, 59000, NULL, 5),
(2, 2, 3, 2, 2, 75, 94, 92000, 93000, 1, 13.37),
(3, 2, 3, 2, 2, 75, 94, 92000, 68001, 4, 90),
(4, 2, 3, 2, 2, 75, 94, 92000, 68001, 5, 45.89),
(7, 2, 3, 1, 2, 75, 94, 92000, 59000, 2, 123.89);

-- --------------------------------------------------------

--
-- Structure de la table `cexp_customers`
--

CREATE TABLE IF NOT EXISTS `cexp_customers` (
  `CustomersID` int(11) NOT NULL AUTO_INCREMENT,
  `FirstName` varchar(50) CHARACTER SET utf8 NOT NULL,
  `LastName` varchar(50) CHARACTER SET utf8 NOT NULL,
  `Phone` varchar(12) CHARACTER SET utf8 DEFAULT NULL,
  `Email` varchar(50) CHARACTER SET utf8 DEFAULT NULL,
  `Contact` varchar(50) COLLATE utf8_unicode_ci NOT NULL,
  PRIMARY KEY (`CustomersID`)
) ENGINE=MyISAM  DEFAULT CHARSET=utf8 COLLATE=utf8_unicode_ci AUTO_INCREMENT=535 ;

--
-- Contenu de la table `cexp_customers`
--

INSERT INTO `cexp_customers` (`CustomersID`, `FirstName`, `LastName`, `Phone`, `Email`, `Contact`) VALUES
(1, 'Microsoft', 'Microsoft', '05 38 67 53 ', 'euralille@carreffour.com', 'Samsug paris'),
(2, 'Ausy', 'Ausy', '05 82 77 20 ', 'paris@apple.com', 'apple paris'),
(3, 'Microsoft', 'Microsoft', '05 38 67 53 ', 'euralille@carreffour.com', 'Samsug paris'),
(4, 'Ausy', 'Ausy', '05 82 77 20 ', 'paris@apple.com', 'apple paris'),
(5, 'Microsoft', 'Microsoft', '05 38 67 53 ', 'euralille@carreffour.com', 'Samsug paris'),
(6, 'Ausy', 'Ausy', '05 82 77 20 ', 'paris@apple.com', 'apple paris'),
(7, 'Microsoft', 'Microsoft', '05 38 67 53 ', 'euralille@carreffour.com', 'Samsug paris'),
(8, 'Ausy', 'Ausy', '05 82 77 20 ', 'paris@apple.com', 'apple paris'),
(9, 'Microsoft', 'Microsoft', '05 38 67 53 ', 'euralille@carreffour.com', 'Samsug paris'),
(10, 'Ausy', 'Ausy', '05 82 77 20 ', 'paris@apple.com', 'apple paris'),
(11, 'Microsoft', 'Microsoft', '05 38 67 53 ', 'euralille@carreffour.com', 'Samsug paris'),
(12, 'Ausy', 'Ausy', '05 82 77 20 ', 'paris@apple.com', 'apple paris'),
(13, 'Castorama', 'Castorama', '05 38 67 53 ', 'euralille@carreffour.com', 'Auchan Defense'),
(14, 'Dell', 'Dell', NULL, 'conakry@dressinafrica.gn', 'Dress in conakry'),
(15, 'Castorama', 'Castorama', '05 38 67 53 ', 'dobrykonate1691@yahoo.fr', 'Auchan Defense'),
(16, 'Microsoft', 'Microsoft', '05 82 77 20 ', 'conakry@dressinafrica.gn', 'apple paris'),
(17, 'Castorama', 'Castorama', '05 38 67 53 ', 'dobrykonate1691@yahoo.fr', 'Auchan Defense'),
(18, 'Microsoft', 'Microsoft', '05 82 77 20 ', 'conakry@dressinafrica.gn', 'apple paris'),
(19, 'Castorama', 'Castorama', '05 38 67 53 ', 'dobrykonate1691@yahoo.fr', 'Auchan Defense'),
(20, 'Microsoft', 'Microsoft', '05 82 77 20 ', 'conakry@dressinafrica.gn', 'apple paris'),
(21, 'Open group', 'Open group', '05 38 67 53 ', 'dobrykonate1691@yahoo.fr', 'Carrefour Lille'),
(22, 'Dress in africa', 'Dress in africa', '05 82 77 20 ', 'conakry@dressinafrica.gn', 'Ausy lyon'),
(23, 'Castorama', 'Castorama', '05 38 67 53 ', 'dobry.konate1691@yahoo.fr', 'Samsug paris'),
(24, 'Microsoft', 'Microsoft', '05 82 77 20 ', 'nanferima@gmail.com', 'Ibrahima'),
(25, 'Castorama', 'Castorama', '05 38 67 53 ', 'dobry.konate1691@yahoo.fr', 'Samsug paris'),
(26, 'Microsoft', 'Microsoft', '05 82 77 20 ', 'nanferima@gmail.com', 'Ibrahima'),
(27, 'Castorama', 'Castorama', '05 38 67 53 ', 'dobrykonate1691@yahoo.fr', 'Auchan Defense'),
(28, 'Dress in africa', 'Dress in africa', '05 82 77 20 ', 'nanferima@gmail.com', 'Dell France'),
(29, 'Microsoft', 'Microsoft', '05 38 67 53 ', 'dobrykonate1691@yahoo.fr', 'Auchan Defense'),
(30, 'Dress in africa', 'Dress in africa', '05 82 77 20 ', 'msparis@microsoft.fr', 'apple paris'),
(31, 'Castorama', 'Castorama', '05 38 67 53 ', 'dobry.konate1691@yahoo.fr', 'Auchan Defense'),
(32, 'Dell', 'Dell', '05 82 77 20 ', 'paris@apple.com', 'apple paris'),
(33, 'Castorama', 'Castorama', '05 38 67 53 ', 'dobry.konate1691@yahoo.fr', 'Auchan Defense'),
(34, 'Dell', 'Dell', '05 82 77 20 ', 'paris@apple.com', 'apple paris'),
(35, 'Microsoft', 'Microsoft', '05 38 67 53 ', 'dobrykonate1691@yahoo.fr', 'Samsug paris'),
(36, 'Microsoft', 'Microsoft', '05 82 77 20 ', 'nanferima@gmail.com', 'MS paris'),
(37, 'Castorama', 'Castorama', '05 38 67 53 ', 'dobrykonate1691@yahoo.fr', 'Samsug paris'),
(38, 'Dress in africa', 'Dress in africa', '05 82 77 20 ', 'nanferima@gmail.com', 'Dell France'),
(39, 'Castorama', 'Castorama', '05 38 67 53 ', 'dobrykonate1691@yahoo.fr', 'Samsug paris'),
(40, 'Dress in africa', 'Dress in africa', '05 82 77 20 ', 'nanferima@gmail.com', 'Dell France'),
(41, 'Castorama', 'Castorama', '05 38 67 53 ', 'dobrykonate1691@yahoo.fr', 'Samsug paris'),
(42, 'Dress in africa', 'Dress in africa', '05 82 77 20 ', 'nanferima@gmail.com', 'Dell France'),
(43, 'Castorama', 'Castorama', '05 38 67 53 ', 'dobrykonate1691@yahoo.fr', 'Samsug paris'),
(44, 'Dress in africa', 'Dress in africa', '05 82 77 20 ', 'nanferima@gmail.com', 'Dell France'),
(45, 'Castorama', 'Castorama', '05 38 67 53 ', 'dobrykonate1691@yahoo.fr', 'Samsug paris'),
(46, 'Dress in africa', 'Dress in africa', '05 82 77 20 ', 'nanferima@gmail.com', 'Dell France'),
(47, 'Castorama', 'Castorama', '05 38 67 53 ', 'dobrykonate1691@yahoo.fr', 'Samsug paris'),
(48, 'Dress in africa', 'Dress in africa', '05 82 77 20 ', 'nanferima@gmail.com', 'Dell France'),
(49, 'Castorama', 'Castorama', '05 38 67 53 ', 'dobrykonate1691@yahoo.fr', 'Samsug paris'),
(50, 'Dress in africa', 'Dress in africa', '05 82 77 20 ', 'nanferima@gmail.com', 'Dell France'),
(51, 'Castorama', 'Castorama', '05 38 67 53 ', 'dobrykonate1691@yahoo.fr', 'Samsug paris'),
(52, 'Dress in africa', 'Dress in africa', '05 82 77 20 ', 'nanferima@gmail.com', 'Dell France'),
(53, 'Castorama', 'Castorama', '05 38 67 53 ', 'dobrykonate1691@yahoo.fr', 'Samsug paris'),
(54, 'Dress in africa', 'Dress in africa', '05 82 77 20 ', 'nanferima@gmail.com', 'Dell France'),
(55, 'Castorama', 'Castorama', '05 38 67 53 ', 'dobrykonate1691@yahoo.fr', 'Samsug paris'),
(56, 'Dress in africa', 'Dress in africa', '05 82 77 20 ', 'nanferima@gmail.com', 'Dell France'),
(57, 'Castorama', 'Castorama', '05 38 67 53 ', 'dobrykonate1691@yahoo.fr', 'Samsug paris'),
(58, 'Dress in africa', 'Dress in africa', '05 82 77 20 ', 'nanferima@gmail.com', 'Dell France'),
(59, 'Castorama', 'Castorama', '05 38 67 53 ', 'dobrykonate1691@yahoo.fr', 'Samsug paris'),
(60, 'Dress in africa', 'Dress in africa', '05 82 77 20 ', 'nanferima@gmail.com', 'Dell France'),
(61, 'Castorama', 'Castorama', '05 38 67 53 ', 'dobrykonate1691@yahoo.fr', 'Samsug paris'),
(62, 'Dress in africa', 'Dress in africa', '05 82 77 20 ', 'nanferima@gmail.com', 'Dell France'),
(63, 'Castorama', 'Castorama', '05 38 67 53 ', 'dobrykonate1691@yahoo.fr', 'Samsug paris'),
(64, 'Dress in africa', 'Dress in africa', '05 82 77 20 ', 'nanferima@gmail.com', 'Dell France'),
(65, 'Castorama', 'Castorama', '05 38 67 53 ', 'dobrykonate1691@yahoo.fr', 'Samsug paris'),
(66, 'Dress in africa', 'Dress in africa', '05 82 77 20 ', 'nanferima@gmail.com', 'Dell France'),
(67, 'Microsoft', 'Microsoft', '05 38 67 53 ', 'dobry.konate1691@yahoo.fr', 'Auchan Defense'),
(68, 'Dress in africa', 'Dress in africa', '05 82 77 20 ', 'msparis@microsoft.fr', 'MS paris'),
(69, 'Microsoft', 'Microsoft', '05 38 67 53 ', 'dobry.konate1691@yahoo.fr', 'Auchan Defense'),
(70, 'Kone', 'Kone', '05 82 77 20 ', 'conakry@dressinafrica.gn', 'MS paris'),
(71, 'Microsoft', 'Microsoft', '05 38 67 53 ', 'dobry.konate1691@yahoo.fr', 'Auchan Defense'),
(72, 'Kone', 'Kone', '05 82 77 20 ', 'conakry@dressinafrica.gn', 'MS paris'),
(73, 'Microsoft', 'Microsoft', '05 38 67 53 ', 'dobry.konate1691@yahoo.fr', 'Auchan Defense'),
(74, 'Kone', 'Kone', '05 82 77 20 ', 'conakry@dressinafrica.gn', 'MS paris'),
(75, 'Castorama', 'Castorama', '05 38 67 53 ', 'achat@auchan.fr', 'Fnac Defense'),
(76, 'Apple', 'Apple', '05 82 77 20 ', 'paris292@dellfrance.com', 'Ibrahima'),
(77, 'Castorama', 'Castorama', '05 38 67 53 ', 'achat@auchan.fr', 'Fnac Defense'),
(78, 'Apple', 'Apple', '05 82 77 20 ', 'paris292@dellfrance.com', 'Ibrahima'),
(79, 'Castorama', 'Castorama', '05 38 67 53 ', 'achat@auchan.fr', 'Fnac Defense'),
(80, 'Apple', 'Apple', '05 82 77 20 ', 'paris292@dellfrance.com', 'Ibrahima'),
(81, 'Castorama', 'Castorama', '05 38 67 53 ', 'achat@auchan.fr', 'Fnac Defense'),
(82, 'Apple', 'Apple', '05 82 77 20 ', 'paris292@dellfrance.com', 'Ibrahima'),
(83, 'Castorama', 'Castorama', '05 38 67 53 ', 'achat@auchan.fr', 'Fnac Defense'),
(84, 'Apple', 'Apple', '05 82 77 20 ', 'paris292@dellfrance.com', 'Ibrahima'),
(85, 'Castorama', 'Castorama', '05 38 67 53 ', 'achat@auchan.fr', 'Auchan Defense'),
(86, 'Microsoft', 'Microsoft', '05 82 77 20 ', 'msparis@microsoft.fr', 'MS paris'),
(87, 'Castorama', 'Castorama', '05 38 67 53 ', 'achat@auchan.fr', 'Auchan Defense'),
(88, 'Microsoft', 'Microsoft', '05 82 77 20 ', 'msparis@microsoft.fr', 'MS paris'),
(89, 'Castorama', 'Castorama', '05 38 67 53 ', 'sav@fnac.fr', 'Auchan Defense'),
(90, 'Microsoft', 'Microsoft', '05 82 77 20 ', 'conakry@dressinafrica.gn', 'Dress in conakry'),
(91, 'Castorama', 'Castorama', '05 38 67 53 ', 'sav@fnac.fr', 'Auchan Defense'),
(92, 'Microsoft', 'Microsoft', '05 82 77 20 ', 'conakry@dressinafrica.gn', 'Dress in conakry'),
(93, 'Castorama', 'Castorama', '05 38 67 53 ', 'sav@fnac.fr', 'Auchan Defense'),
(94, 'Microsoft', 'Microsoft', '05 82 77 20 ', 'conakry@dressinafrica.gn', 'Dress in conakry'),
(95, 'Castorama', 'Castorama', '05 38 67 53 ', 'sav@fnac.fr', 'Auchan Defense'),
(96, 'Microsoft', 'Microsoft', '05 82 77 20 ', 'conakry@dressinafrica.gn', 'Dress in conakry'),
(97, 'Castorama', 'Castorama', '05 38 67 53 ', 'sav@fnac.fr', 'Auchan Defense'),
(98, 'Microsoft', 'Microsoft', '05 82 77 20 ', 'conakry@dressinafrica.gn', 'Dress in conakry'),
(99, 'Castorama', 'Castorama', '05 38 67 53 ', 'sav@fnac.fr', 'Auchan Defense'),
(100, 'Microsoft', 'Microsoft', '05 82 77 20 ', 'conakry@dressinafrica.gn', 'Dress in conakry'),
(101, 'Castorama', 'Castorama', '05 38 67 53 ', 'sav@fnac.fr', 'Auchan Defense'),
(102, 'Microsoft', 'Microsoft', '05 82 77 20 ', 'conakry@dressinafrica.gn', 'Dress in conakry'),
(103, 'Castorama', 'Castorama', '05 38 67 53 ', 'sav@fnac.fr', 'Auchan Defense'),
(104, 'Microsoft', 'Microsoft', '05 82 77 20 ', 'conakry@dressinafrica.gn', 'Dress in conakry'),
(105, 'Castorama', 'Castorama', '05 38 67 53 ', 'sav@fnac.fr', 'Auchan Defense'),
(106, 'Microsoft', 'Microsoft', '05 82 77 20 ', 'conakry@dressinafrica.gn', 'Dress in conakry'),
(107, 'Castorama', 'Castorama', '05 38 67 53 ', 'sav@fnac.fr', 'Auchan Defense'),
(108, 'Microsoft', 'Microsoft', '05 82 77 20 ', 'conakry@dressinafrica.gn', 'Dress in conakry'),
(109, 'Castorama', 'Castorama', '05 38 67 53 ', 'sav@fnac.fr', 'Auchan Defense'),
(110, 'Microsoft', 'Microsoft', '05 82 77 20 ', 'conakry@dressinafrica.gn', 'Dress in conakry'),
(111, 'Castorama', 'Castorama', '05 38 67 53 ', 'sav@fnac.fr', 'Auchan Defense'),
(112, 'Microsoft', 'Microsoft', '05 82 77 20 ', 'conakry@dressinafrica.gn', 'Dress in conakry'),
(113, 'Auchan', 'Auchan', '05 38 67 53 ', 'euralille@carreffour.com', 'Samsug paris'),
(114, 'Dress in africa', 'Dress in africa', '05 82 77 20 ', 'msparis@microsoft.fr', 'Dell France'),
(115, 'Auchan', 'Auchan', '05 38 67 53 ', 'euralille@carreffour.com', 'Samsug paris'),
(116, 'Dress in africa', 'Dress in africa', '05 82 77 20 ', 'msparis@microsoft.fr', 'Dell France'),
(117, 'Castorama', 'Castorama', '05 38 67 53 ', 'sav@fnac.fr', 'Fnac Defense'),
(118, 'Dress in africa', 'Dress in africa', '05 82 77 20 ', 'msparis@microsoft.fr', 'Dell France'),
(119, 'Open group', 'Open group', '05 38 67 53 ', 'fatoumatabangoura@yahoo.fr', 'Fnac Defense'),
(120, 'Dress in africa', 'Dress in africa', '05 82 77 20 ', 'msparis@microsoft.fr', 'Dell France'),
(121, 'Auchan', 'Auchan', '05 38 67 53 ', 'sav@fnac.fr', 'Fnac Defense'),
(122, 'Dress in africa', 'Dress in africa', '05 82 77 20 ', 'msparis@microsoft.fr', 'Dell France'),
(123, 'Castorama', 'Castorama', '05 38 67 53 ', 'sav@fnac.fr', 'Fnac Defense'),
(124, 'Dress in africa', 'Dress in africa', '05 82 77 20 ', 'msparis@microsoft.fr', 'Dress in conakry'),
(125, 'Castorama', 'Castorama', '05 38 67 53 ', 'dobrykonate1691@yahoo.fr', 'Fnac Defense'),
(126, 'Dress in africa', 'Dress in africa', '05 82 77 20 ', 'conakry@dressinafrica.gn', 'MS paris'),
(127, 'Microsoft', 'Microsoft', '05 38 67 53 ', 'euralille@carreffour.com', 'Carrefour Lille'),
(128, 'Dress in africa', 'Dress in africa', '05 82 77 20 ', 'paris292@dellfrance.com', 'Dell France'),
(129, 'Carrefor', 'Carrefor', '05 38 67 53 ', 'fatoumatabangoura@yahoo.fr', 'Samsug paris'),
(130, 'Dress in africa', 'Dress in africa', '05 82 77 20 ', 'msparis@microsoft.fr', 'MS paris'),
(131, 'Carrefor', 'Carrefor', '05 38 67 53 ', 'euralille@carreffour.com', 'Samsug paris'),
(132, 'Microsoft', 'Microsoft', '05 82 77 20 ', 'conakry@dressinafrica.gn', 'Dell France'),
(133, 'Microsoft', 'Microsoft', '05 38 67 53 ', 'dobrykonate1691@yahoo.fr', 'Fnac Defense'),
(134, 'Microsoft', 'Microsoft', '05 82 77 20 ', 'nanferima@gmail.com', 'Dell France'),
(135, 'Carrefor', 'Carrefor', '05 38 67 53 ', 'euralille@carreffour.com', 'Fnac Defense'),
(136, 'Dress in africa', 'Dress in africa', '05 82 77 20 ', 'nanferima@gmail.com', 'MS paris'),
(137, 'Carrefor', 'Carrefor', '05 38 67 53 ', 'euralille@carreffour.com', 'Fnac Defense'),
(138, 'Dress in africa', 'Dress in africa', '05 82 77 20 ', 'nanferima@gmail.com', 'MS paris'),
(139, 'Carrefor', 'Carrefor', '05 38 67 53 ', 'euralille@carreffour.com', 'Fnac Defense'),
(140, 'Dress in africa', 'Dress in africa', '05 82 77 20 ', 'nanferima@gmail.com', 'MS paris'),
(141, 'Carrefor', 'Carrefor', '05 38 67 53 ', 'euralille@carreffour.com', 'Fnac Defense'),
(142, 'Dress in africa', 'Dress in africa', '05 82 77 20 ', 'nanferima@gmail.com', 'MS paris'),
(143, 'Carrefor', 'Carrefor', '05 38 67 53 ', 'euralille@carreffour.com', 'Fnac Defense'),
(144, 'Dress in africa', 'Dress in africa', '05 82 77 20 ', 'nanferima@gmail.com', 'MS paris'),
(145, 'Carrefor', 'Carrefor', '05 38 67 53 ', 'euralille@carreffour.com', 'Fnac Defense'),
(146, 'Dress in africa', 'Dress in africa', '05 82 77 20 ', 'nanferima@gmail.com', 'MS paris'),
(147, 'Carrefor', 'Carrefor', '05 38 67 53 ', 'euralille@carreffour.com', 'Samsug paris'),
(148, 'Dress in africa', 'Dress in africa', '05 82 77 20 ', 'conakry@dressinafrica.gn', 'Dell France'),
(149, 'Microsoft', 'Microsoft', '05 38 67 53 ', 'dobrykonate1691@yahoo.fr', 'Fnac Defense'),
(150, 'Dress in africa', 'Dress in africa', '05 82 77 20 ', 'nanferima@gmail.com', 'Dell France'),
(151, 'Carrefor', 'Carrefor', '05 38 67 53 ', 'euralille@carreffour.com', 'Fnac Defense'),
(152, 'Dress in africa', 'Dress in africa', '05 82 77 20 ', 'conakry@dressinafrica.gn', 'Dell France'),
(153, 'Carrefor', 'Carrefor', '05 38 67 53 ', 'euralille@carreffour.com', 'Fnac Defense'),
(154, 'Dress in africa', 'Dress in africa', '05 82 77 20 ', 'conakry@dressinafrica.gn', 'Dell France'),
(155, 'Carrefor', 'Carrefor', '05 38 67 53 ', 'euralille@carreffour.com', 'Fnac Defense'),
(156, 'Dress in africa', 'Dress in africa', '05 82 77 20 ', 'conakry@dressinafrica.gn', 'Dell France'),
(157, 'Carrefor', 'Carrefor', '05 38 67 53 ', 'euralille@carreffour.com', 'Fnac Defense'),
(158, 'Dress in africa', 'Dress in africa', '05 82 77 20 ', 'conakry@dressinafrica.gn', 'Dell France'),
(159, 'Auchan', 'Auchan', '05 38 67 53 ', 'achat@auchan.fr', 'Fnac Defense'),
(160, 'Kone', 'Kone', '05 82 77 20 ', 'conakry@dressinafrica.gn', 'Dell France'),
(161, 'Carrefor', 'Carrefor', '05 38 67 53 ', 'dobrykonate1691@yahoo.fr', 'Samsug paris'),
(162, 'Carrefor', 'Carrefor', '05 38 67 53 ', 'dobrykonate1691@yahoo.fr', 'Samsug paris'),
(163, 'Carrefor', 'Carrefor', '05 38 67 53 ', 'euralille@carreffour.com', ''),
(164, 'Dress in africa', 'Dress in africa', '05 82 77 20 ', 'paris292@dellfrance.com', ''),
(165, 'Carrefor', 'Carrefor', '05 38 67 53 ', 'dobrykonate1691@yahoo.fr', ''),
(166, 'Dress in africa', 'Dress in africa', '05 82 77 20 ', 'conakry@dressinafrica.gn', ''),
(167, 'Carrefor', 'Carrefor', '05 38 67 53 ', 'dobrykonate1691@yahoo.fr', ''),
(168, 'Dress in africa', 'Dress in africa', '05 82 77 20 ', 'conakry@dressinafrica.gn', ''),
(169, 'Castorama', 'Castorama', '05 38 67 53 ', 'euralille@carreffour.com', ''),
(170, 'Dress in africa', 'Dress in africa', '05 82 77 20 ', 'conakry@dressinafrica.gn', ''),
(171, 'Castorama', 'Castorama', '05 38 67 53 ', 'euralille@carreffour.com', ''),
(172, 'Dress in africa', 'Dress in africa', '05 82 77 20 ', 'nanferima@gmail.com', ''),
(173, 'Auchan', 'Auchan', '05 38 67 53 ', 'euralille@carreffour.com', ''),
(174, 'Dress in africa', 'Dress in africa', '05 82 77 20 ', 'nanferima@gmail.com', ''),
(175, 'Microsoft', 'Microsoft', '05 38 67 53 ', 'achat@auchan.fr', ''),
(176, 'Dress in africa', 'Dress in africa', '05 82 77 20 ', 'msparis@microsoft.fr', ''),
(177, 'Microsoft', 'Microsoft', '05 38 67 53 ', 'euralille@carreffour.com', ''),
(178, 'Dress in africa', 'Dress in africa', '05 82 77 20 ', 'paris292@dellfrance.com', ''),
(179, 'Carrefor', 'Carrefor', '05 38 67 53 ', 'euralille@carreffour.com', ''),
(180, 'Dress in africa', 'Dress in africa', '05 82 77 20 ', 'conakry@dressinafrica.gn', ''),
(181, 'Castorama', 'Castorama', '05 38 67 53 ', 'euralille@carreffour.com', ''),
(182, 'Dress in africa', 'Dress in africa', '05 82 77 20 ', 'conakry@dressinafrica.gn', ''),
(183, 'Castorama', 'Castorama', '05 38 67 53 ', 'euralille@carreffour.com', ''),
(184, 'Dell', 'Dell', '05 82 77 20 ', 'conakry@dressinafrica.gn', ''),
(185, 'Castorama', 'Castorama', '05 38 67 53 ', 'achat@auchan.fr', ''),
(186, 'Dress in africa', 'Dress in africa', '05 82 77 20 ', 'nanferima@gmail.com', ''),
(187, 'Microsoft', 'Microsoft', '05 38 67 53 ', 'euralille@carreffour.com', ''),
(188, 'Kone', 'Kone', '05 82 77 20 ', 'nanferima@gmail.com', ''),
(189, 'Carrefor', 'Carrefor', '05 38 67 53 ', 'achat@auchan.fr', ''),
(190, 'Dress in africa', 'Dress in africa', '05 82 77 20 ', 'paris@apple.com', ''),
(191, 'Carrefor', 'Carrefor', '05 38 67 53 ', 'achat@auchan.fr', ''),
(192, 'Dress in africa', 'Dress in africa', '05 82 77 20 ', 'msparis@microsoft.fr', ''),
(193, 'Microsoft', 'Microsoft', '05 38 67 53 ', 'fatoumatabangoura@yahoo.fr', ''),
(194, 'Dell', 'Dell', '05 82 77 20 ', 'msparis@microsoft.fr', ''),
(195, 'Auchan', 'Auchan', '05 38 67 53 ', 'dobrykonate1691@yahoo.fr', ''),
(196, 'Dress in africa', 'Dress in africa', '05 82 77 20 ', 'conakry@dressinafrica.gn', ''),
(197, 'Fnac', 'Fnac', '05 38 67 53 ', 'fatoumatabangoura@yahoo.fr', ''),
(198, 'Dress in africa', 'Dress in africa', '05 82 77 20 ', 'msparis@microsoft.fr', ''),
(199, 'Microsoft', 'Microsoft', '05 38 67 53 ', 'sav@fnac.fr', ''),
(200, 'Dress in africa', 'Dress in africa', '05 82 77 20 ', 'msparis@microsoft.fr', ''),
(201, 'Microsoft', 'Microsoft', '05 38 67 53 ', 'dobrykonate1691@yahoo.fr', ''),
(202, 'Dress in africa', 'Dress in africa', '05 82 77 20 ', 'nanferima@gmail.com', ''),
(203, 'Carrefor', 'Carrefor', '05 38 67 53 ', 'euralille@carreffour.com', ''),
(204, 'Dress in africa', 'Dress in africa', '05 82 77 20 ', 'msparis@microsoft.fr', ''),
(205, 'Auchan', 'Auchan', '05 38 67 53 ', 'euralille@carreffour.com', ''),
(206, 'Dress in africa', 'Dress in africa', '05 82 77 20 ', 'msparis@microsoft.fr', ''),
(207, 'Castorama', 'Castorama', '05 38 67 53 ', 'sav@fnac.fr', ''),
(208, 'Dress in africa', 'Dress in africa', '05 82 77 20 ', 'conakry@dressinafrica.gn', ''),
(209, 'Ausy', 'Ausy', '08 82 28 11 ', 'vhuih@hjdefc.com', ''),
(210, 'Magazine', 'Magazine', '05 65 87 89 ', 'bachir@gmail.com', ''),
(211, 'Dobry Konate', 'Dobry Konate', '08 28 12 67 ', 'camaratri@yahoo.fr', ''),
(212, 'Camara', 'Camara', '09 82 76 11 ', 'camaratri@yahoo.fr', ''),
(213, 'Dobry Konate', 'Dobry Konate', '08 28 12 67 ', 'camaratri@yahoo.fr', ''),
(214, 'Camara', 'Camara', '09 82 76 11 ', 'camaratri@yahoo.fr', ''),
(215, 'Dobry Konate', 'Dobry Konate', '08 28 12 67 ', 'camaratri@yahoo.fr', ''),
(216, 'Camara', 'Camara', '09 82 76 11 ', 'camaratri@yahoo.fr', ''),
(217, 'Dobry Konate', 'Dobry Konate', '08 28 12 67 ', 'camaratri@yahoo.fr', ''),
(218, 'Camara', 'Camara', '09 82 76 11 ', 'camaratri@yahoo.fr', ''),
(219, 'Dobry Konate', 'Dobry Konate', '08 28 12 67 ', 'camaratri@yahoo.fr', ''),
(220, 'Camara', 'Camara', '09 82 76 11 ', 'camaratri@yahoo.fr', ''),
(221, 'Dobry Konate', 'Dobry Konate', '08 28 12 67 ', 'camaratri@yahoo.fr', ''),
(222, 'Camara', 'Camara', '09 82 76 11 ', 'camaratri@yahoo.fr', ''),
(223, 'Dobry Konate', 'Dobry Konate', '08 28 12 67 ', 'camaratri@yahoo.fr', ''),
(224, 'Camara', 'Camara', '09 82 76 11 ', 'camaratri@yahoo.fr', ''),
(225, 'Dobry Konate', 'Dobry Konate', '08 28 12 67 ', 'camaratri@yahoo.fr', ''),
(226, 'Camara', 'Camara', '09 82 76 11 ', 'camaratri@yahoo.fr', ''),
(227, 'Dobry Konate', 'Dobry Konate', '08 28 12 67 ', 'camaratri@yahoo.fr', ''),
(228, 'Camara', 'Camara', '09 82 76 11 ', 'camaratri@yahoo.fr', ''),
(229, 'Castorama', 'Castorama', '05 38 67 53 ', 'euralille@carreffour.com', ''),
(230, 'Dress in africa', 'Dress in africa', '05 82 77 20 ', 'conakry@dressinafrica.gn', ''),
(231, 'Carrefor', 'Carrefor', '05 38 67 53 ', 'achat@auchan.fr', ''),
(232, 'Dress in africa', 'Dress in africa', '05 82 77 20 ', 'conakry@dressinafrica.gn', ''),
(233, 'Microsoft', 'Microsoft', '05 38 67 53 ', 'sav@fnac.fr', ''),
(234, 'Dress in africa', 'Dress in africa', '05 82 77 20 ', 'conakry@dressinafrica.gn', ''),
(235, 'Carrefor', 'Carrefor', '05 38 67 53 ', 'sav@fnac.fr', ''),
(236, 'Dress in africa', 'Dress in africa', '05 82 77 20 ', 'paris292@dellfrance.com', ''),
(237, 'Castorama', 'Castorama', '05 38 67 53 ', 'sav@fnac.fr', ''),
(238, 'Dress in africa', 'Dress in africa', '05 82 77 20 ', 'paris292@dellfrance.com', ''),
(239, 'Castorama', 'Castorama', '05 38 67 53 ', 'achat@auchan.fr', ''),
(240, 'Dress in africa', 'Dress in africa', '05 82 77 20 ', 'paris292@dellfrance.com', ''),
(241, 'Carrefor', 'Carrefor', '05 38 67 53 ', 'fatoumatabangoura@yahoo.fr', ''),
(242, 'Dress in africa', 'Dress in africa', '05 82 77 20 ', 'paris292@dellfrance.com', ''),
(243, 'Castorama', 'Castorama', '05 38 67 53 ', 'achat@auchan.fr', ''),
(244, 'Dress in africa', 'Dress in africa', '05 82 77 20 ', 'nanferima@gmail.com', ''),
(245, 'Carrefor', 'Carrefor', '05 38 67 53 ', 'sav@fnac.fr', ''),
(246, 'Dress in africa', 'Dress in africa', '05 82 77 20 ', 'paris292@dellfrance.com', ''),
(247, 'Microsoft', 'Microsoft', '05 38 67 53 ', 'achat@auchan.fr', ''),
(248, 'Dress in africa', 'Dress in africa', '05 82 77 20 ', 'paris292@dellfrance.com', ''),
(249, 'Microsoft', 'Microsoft', '05 38 67 53 ', 'euralille@carreffour.com', ''),
(250, 'Dress in africa', 'Dress in africa', '05 82 77 20 ', 'msparis@microsoft.fr', ''),
(251, 'Microsoft', 'Microsoft', '05 38 67 53 ', 'sav@fnac.fr', ''),
(252, 'Dress in africa', 'Dress in africa', '05 82 77 20 ', 'msparis@microsoft.fr', ''),
(253, 'Gudud', 'Gudud', '08 76 56 87 ', 'svcuih@sbushc.fr', ''),
(254, 'Fjhqbdjhq', 'Fjhqbdjhq', '09 78 56 43 ', 'suhuiz@jscids.com', ''),
(255, 'Microsoft', 'Microsoft', '05 38 67 53 ', 'sav@fnac.fr', ''),
(256, 'Dress in africa', 'Dress in africa', '05 82 77 20 ', 'msparis@microsoft.fr', ''),
(257, 'Carrefor', 'Carrefor', '05 38 67 53 ', 'achat@auchan.fr', ''),
(258, 'Dress in africa', 'Dress in africa', '05 82 77 20 ', 'conakry@dressinafrica.gn', ''),
(259, 'Microsoft', 'Microsoft', '05 38 67 53 ', 'achat@auchan.fr', ''),
(260, 'Dress in africa', 'Dress in africa', '05 82 77 20 ', 'msparis@microsoft.fr', ''),
(261, 'Castorama', 'Castorama', '05 38 67 53 ', 'sav@fnac.fr', ''),
(262, 'Dress in africa', 'Dress in africa', '05 82 77 20 ', 'paris292@dellfrance.com', ''),
(263, 'Microsoft', 'Microsoft', '05 38 67 53 ', 'sav@fnac.fr', ''),
(264, 'Dress in africa', 'Dress in africa', '05 82 77 20 ', 'msparis@microsoft.fr', ''),
(265, 'Microsoft', 'Microsoft', '05 38 67 53 ', 'sav@fnac.fr', ''),
(266, 'Dress in africa', 'Dress in africa', '05 82 77 20 ', 'conakry@dressinafrica.gn', ''),
(267, 'Castorama', 'Castorama', '05 38 67 53 ', 'achat@auchan.fr', ''),
(268, 'Dell', 'Dell', '05 82 77 20 ', 'paris292@dellfrance.com', ''),
(269, 'Auchan', 'Auchan', '05 38 67 53 ', 'achat@auchan.fr', ''),
(270, 'Dress in africa', 'Dress in africa', '05 82 77 20 ', 'paris292@dellfrance.com', ''),
(271, 'Castorama', 'Castorama', '05 38 67 53 ', 'sav@fnac.fr', ''),
(272, 'Microsoft', 'Microsoft', '05 82 77 20 ', 'msparis@microsoft.fr', ''),
(273, 'Castorama', 'Castorama', '05 38 67 53 ', 'sav@fnac.fr', ''),
(274, 'Microsoft', 'Microsoft', '05 82 77 20 ', 'paris292@dellfrance.com', ''),
(275, 'Microsoft', 'Microsoft', '05 38 67 53 ', 'achat@auchan.fr', ''),
(276, 'Microsoft', 'Microsoft', '05 82 77 20 ', 'nanferima@gmail.com', ''),
(277, 'Castorama', 'Castorama', '05 38 67 53 ', 'sav@fnac.fr', ''),
(278, 'Microsoft', 'Microsoft', '05 82 77 20 ', 'msparis@microsoft.fr', ''),
(279, 'Castorama', 'Castorama', '05 38 67 53 ', 'sav@fnac.fr', ''),
(280, 'Microsoft', 'Microsoft', '05 82 77 20 ', 'paris292@dellfrance.com', ''),
(281, 'Carrefor', 'Carrefor', '05 38 67 53 ', 'sav@fnac.fr', ''),
(282, 'Microsoft', 'Microsoft', '05 82 77 20 ', 'msparis@microsoft.fr', ''),
(283, 'Carrefor', 'Carrefor', '05 38 67 53 ', 'sav@fnac.fr', ''),
(284, 'Microsoft', 'Microsoft', '05 82 77 20 ', 'paris@apple.com', ''),
(285, 'Microsoft', 'Microsoft', '05 38 67 53 ', 'sav@fnac.fr', ''),
(286, 'Microsoft', 'Microsoft', '05 82 77 20 ', 'msparis@microsoft.fr', ''),
(287, 'Microsoft', 'Microsoft', '05 38 67 53 ', 'sav@fnac.fr', ''),
(288, 'Microsoft', 'Microsoft', '05 82 77 20 ', 'msparis@microsoft.fr', ''),
(289, 'Microsoft', 'Microsoft', '05 38 67 53 ', 'sav@fnac.fr', ''),
(290, 'Microsoft', 'Microsoft', '05 82 77 20 ', 'msparis@microsoft.fr', ''),
(291, 'Microsoft', 'Microsoft', '05 38 67 53 ', 'sav@fnac.fr', ''),
(292, 'Microsoft', 'Microsoft', '05 82 77 20 ', 'msparis@microsoft.fr', ''),
(293, 'Microsoft', 'Microsoft', '05 38 67 53 ', 'sav@fnac.fr', ''),
(294, 'Microsoft', 'Microsoft', '05 82 77 20 ', 'paris292@dellfrance.com', ''),
(295, 'Microsoft', 'Microsoft', '05 38 67 53 ', 'sav@fnac.fr', ''),
(296, 'Microsoft', 'Microsoft', '05 82 77 20 ', 'msparis@microsoft.fr', ''),
(297, 'Carrefor', 'Carrefor', '05 38 67 53 ', 'sav@fnac.fr', ''),
(298, 'Dress in africa', 'Dress in africa', '05 82 77 20 ', 'msparis@microsoft.fr', ''),
(299, 'Carrefor', 'Carrefor', '05 38 67 53 ', 'sav@fnac.fr', ''),
(300, 'Microsoft', 'Microsoft', '05 82 77 20 ', 'paris292@dellfrance.com', ''),
(301, 'Microsoft', 'Microsoft', '05 38 67 53 ', 'sav@fnac.fr', ''),
(302, 'Microsoft', 'Microsoft', '05 82 77 20 ', 'msparis@microsoft.fr', ''),
(303, 'Carrefor', 'Carrefor', '05 38 67 53 ', 'sav@fnac.fr', ''),
(304, 'Microsoft', 'Microsoft', '05 82 77 20 ', 'msparis@microsoft.fr', ''),
(305, 'Carrefor', 'Carrefor', '05 38 67 53 ', 'sav@fnac.fr', ''),
(306, 'Microsoft', 'Microsoft', '05 82 77 20 ', 'msparis@microsoft.fr', ''),
(307, 'Castorama', 'Castorama', '05 38 67 53 ', 'achat@auchan.fr', ''),
(308, 'Microsoft', 'Microsoft', '05 82 77 20 ', 'msparis@microsoft.fr', ''),
(309, 'Microsoft', 'Microsoft', '05 38 67 53 ', 'sav@fnac.fr', ''),
(310, 'Microsoft', 'Microsoft', '05 82 77 20 ', 'msparis@microsoft.fr', ''),
(311, 'Microsoft', 'Microsoft', '05 38 67 53 ', 'sav@fnac.fr', ''),
(312, 'Microsoft', 'Microsoft', '05 82 77 20 ', 'paris292@dellfrance.com', ''),
(313, 'Microsoft', 'Microsoft', '05 38 67 53 ', 'sav@fnac.fr', ''),
(314, 'Microsoft', 'Microsoft', '05 82 77 20 ', 'paris292@dellfrance.com', ''),
(315, 'Microsoft', 'Microsoft', '05 38 67 53 ', 'sav@fnac.fr', ''),
(316, 'Microsoft', 'Microsoft', '05 82 77 20 ', 'paris292@dellfrance.com', ''),
(317, 'Microsoft', 'Microsoft', '05 38 67 53 ', 'sav@fnac.fr', ''),
(318, 'Microsoft', 'Microsoft', '05 82 77 20 ', 'msparis@microsoft.fr', ''),
(319, 'Microsoft', 'Microsoft', '05 38 67 53 ', 'sav@fnac.fr', ''),
(320, 'Microsoft', 'Microsoft', '05 82 77 20 ', 'msparis@microsoft.fr', ''),
(321, 'Microsoft', 'Microsoft', '05 38 67 53 ', 'sav@fnac.fr', ''),
(322, 'Microsoft', 'Microsoft', '05 82 77 20 ', 'msparis@microsoft.fr', ''),
(323, 'Castorama', 'Castorama', '05 38 67 53 ', 'sav@fnac.fr', ''),
(324, 'Dress in africa', 'Dress in africa', '05 82 77 20 ', 'msparis@microsoft.fr', ''),
(325, 'Microsoft', 'Microsoft', '05 38 67 53 ', 'achat@auchan.fr', ''),
(326, 'Microsoft', 'Microsoft', '05 82 77 20 ', 'paris@apple.com', ''),
(327, 'Microsoft', 'Microsoft', '05 38 67 53 ', 'sav@fnac.fr', ''),
(328, 'Microsoft', 'Microsoft', '05 82 77 20 ', 'msparis@microsoft.fr', ''),
(329, 'Microsoft', 'Microsoft', '05 38 67 53 ', 'sav@fnac.fr', ''),
(330, 'Dress in africa', 'Dress in africa', '05 82 77 20 ', 'msparis@microsoft.fr', ''),
(331, 'Microsoft', 'Microsoft', '05 38 67 53 ', 'sav@fnac.fr', ''),
(332, 'Microsoft', 'Microsoft', '05 82 77 20 ', 'msparis@microsoft.fr', ''),
(333, 'Auchan', 'Auchan', '05 38 67 53 ', 'sav@fnac.fr', ''),
(334, 'Microsoft', 'Microsoft', '05 82 77 20 ', 'msparis@microsoft.fr', ''),
(335, 'Microsoft', 'Microsoft', '0538675310', 'sav@fnac.fr', ''),
(336, 'Microsoft', 'Microsoft', '05 82 77 20 ', 'paris292@dellfrance.com', ''),
(337, 'Castorama', 'Castorama', '05 38 67 53 ', 'sav@fnac.fr', ''),
(338, 'Microsoft', 'Microsoft', '05 82 77 20 ', 'paris292@dellfrance.com', ''),
(339, 'Microsoft', 'Microsoft', '05 38 67 53 ', 'sav@fnac.fr', ''),
(340, 'Microsoft', 'Microsoft', '05 82 77 20 ', 'paris292@dellfrance.com', ''),
(341, 'Castorama', 'Castorama', '05 38 67 53 ', 'sav@fnac.fr', ''),
(342, 'Microsoft', 'Microsoft', '05 82 77 20 ', 'paris292@dellfrance.com', ''),
(343, 'Castorama', 'Castorama', '05 38 67 53 ', 'sav@fnac.fr', ''),
(344, 'Microsoft', 'Microsoft', '05 82 77 20 ', 'paris292@dellfrance.com', ''),
(345, 'Microsoft', 'Microsoft', '05 38 67 53 ', 'sav@fnac.fr', ''),
(346, 'Microsoft', 'Microsoft', '05 82 77 20 ', 'paris292@dellfrance.com', ''),
(347, 'Castorama', 'Castorama', '05 38 67 53 ', 'sav@fnac.fr', ''),
(348, 'Microsoft', 'Microsoft', '05 82 77 20 ', 'msparis@microsoft.fr', ''),
(349, 'Castorama', 'Castorama', '05 38 67 53 ', 'achat@auchan.fr', ''),
(350, 'Microsoft', 'Microsoft', '05 82 77 20 ', 'conakry@dressinafrica.gn', ''),
(351, 'Castorama', 'Castorama', '05 38 67 53 ', 'sav@fnac.fr', ''),
(352, 'Dress in africa', 'Dress in africa', '05 38 67 53 ', 'sav@fnac.fr', ''),
(353, 'Castorama', 'Castorama', '05 38 67 53 ', 'sav@fnac.fr', ''),
(354, 'Microsoft', 'Microsoft', '05 38 67 53 ', 'sav@fnac.fr', ''),
(355, 'Castorama', 'Castorama', '05 38 67 53 ', 'sav@fnac.fr', ''),
(356, 'Microsoft', 'Microsoft', '05 38 67 53 ', 'euralille@carreffour.com', ''),
(357, 'Castorama', 'Castorama', '05 38 67 53 ', 'sav@fnac.fr', ''),
(358, 'Microsoft', 'Microsoft', '05 38 67 53 ', 'sav@fnac.fr', ''),
(359, 'Microsoft', 'Microsoft', '05 38 67 53 ', 'sav@fnac.fr', ''),
(360, 'Microsoft', 'Microsoft', '05 38 67 53 ', 'achat@auchan.fr', ''),
(361, 'Castorama', 'Castorama', '05 38 67 53 ', 'sav@fnac.fr', ''),
(362, 'Microsoft', 'Microsoft', '05 38 67 53 ', 'euralille@carreffour.com', ''),
(363, 'Castorama', 'Castorama', '05 38 67 53 ', 'sav@fnac.fr', ''),
(364, 'Microsoft', 'Microsoft', '05 38 67 53 ', 'sav@fnac.fr', ''),
(365, 'Castorama', 'Castorama', '05 38 67 53 ', 'sav@fnac.fr', ''),
(366, 'Microsoft', 'Microsoft', '05 38 67 53 ', 'sav@fnac.fr', ''),
(367, 'Castorama', 'Castorama', '05 38 67 53 ', 'euralille@carreffour.com', ''),
(368, 'Microsoft', 'Microsoft', '05 38 67 53 ', 'sav@fnac.fr', ''),
(369, 'Castorama', 'Castorama', '05 38 67 53 ', 'sav@fnac.fr', ''),
(370, 'Microsoft', 'Microsoft', '05 38 67 53 ', 'sav@fnac.fr', ''),
(371, 'Castorama', 'Castorama', '05 38 67 53 ', 'sav@fnac.fr', ''),
(372, 'Microsoft', 'Microsoft', '05 38 67 53 ', 'sav@fnac.fr', ''),
(373, 'Castorama', 'Castorama', '05 38 67 53 ', 'achat@auchan.fr', ''),
(374, 'Microsoft', 'Microsoft', '05 38 67 53 ', 'sav@fnac.fr', ''),
(375, 'Auchan', 'Auchan', '05 38 67 53 ', 'achat@auchan.fr', ''),
(376, 'Microsoft', 'Microsoft', '05 38 67 53 ', 'sav@fnac.fr', ''),
(377, 'Microsoft', 'Microsoft', '05 38 67 53 ', 'sav@fnac.fr', ''),
(378, 'Apple', 'Apple', '05 38 67 53 ', 'sav@fnac.fr', ''),
(379, 'Castorama', 'Castorama', '05 38 67 53 ', 'sav@fnac.fr', ''),
(380, 'Microsoft', 'Microsoft', '05 38 67 53 ', 'sav@fnac.fr', ''),
(381, 'Castorama', 'Castorama', '05 38 67 53 ', 'achat@auchan.fr', ''),
(382, 'Microsoft', 'Microsoft', '05 38 67 53 ', 'sav@fnac.fr', ''),
(383, 'Castorama', 'Castorama', '05 38 67 53 ', 'sav@fnac.fr', ''),
(384, 'Microsoft', 'Microsoft', '05 38 67 53 ', 'sav@fnac.fr', ''),
(385, 'Castorama', 'Castorama', '05 38 67 53 ', 'sav@fnac.fr', ''),
(386, 'Microsoft', 'Microsoft', '05 38 67 53 ', 'sav@fnac.fr', ''),
(387, 'Auchan', 'Auchan', '05 38 67 53 ', 'achat@auchan.fr', ''),
(388, 'Microsoft', 'Microsoft', '05 38 67 53 ', 'sav@fnac.fr', ''),
(389, 'Fnac', 'Fnac', '05 38 67 53 ', 'achat@auchan.fr', ''),
(390, 'Microsoft', 'Microsoft', '05 38 67 53 ', 'sav@fnac.fr', ''),
(391, 'Castorama', 'Castorama', '05 38 67 53 ', 'sav@fnac.fr', ''),
(392, 'Microsoft', 'Microsoft', '05 38 67 53 ', 'sav@fnac.fr', ''),
(393, 'Auchan', 'Auchan', '05 38 67 53 ', 'sav@fnac.fr', ''),
(394, 'Microsoft', 'Microsoft', '05 38 67 53 ', 'sav@fnac.fr', ''),
(395, 'Castorama', 'Castorama', '05 38 67 53 ', 'sav@fnac.fr', ''),
(396, 'Dress in africa', 'Dress in africa', '05 38 67 53 ', 'achat@auchan.fr', ''),
(397, 'Microsoft', 'Microsoft', '05 38 67 53 ', 'achat@auchan.fr', ''),
(398, 'Dress in africa', 'Dress in africa', '05 38 67 53 ', 'sav@fnac.fr', ''),
(399, 'Castorama', 'Castorama', '05 38 67 53 ', 'achat@auchan.fr', ''),
(400, 'Dress in africa', 'Dress in africa', '05 38 67 53 ', 'sav@fnac.fr', ''),
(401, 'Auchan', 'Auchan', '05 38 67 53 ', 'achat@auchan.fr', ''),
(402, 'Dress in africa', 'Dress in africa', '05 38 67 53 ', 'sav@fnac.fr', ''),
(403, 'Auchan', 'Auchan', '05 38 67 53 ', 'achat@auchan.fr', ''),
(404, 'Dress in africa', 'Dress in africa', '05 38 67 53 ', 'sav@fnac.fr', ''),
(405, 'Castorama', 'Castorama', '05 38 67 53 ', 'achat@auchan.fr', ''),
(406, 'Dress in africa', 'Dress in africa', '05 38 67 53 ', 'euralille@carreffour.com', ''),
(407, 'Castorama', 'Castorama', '0538675310', 'euralille@carreffour.com', ''),
(408, 'Dress in africa', 'Dress in africa', '05 38 67 53 ', 'euralille@carreffour.com', ''),
(409, 'Castorama', 'Castorama', '0538675310', 'achat@auchan.fr', ''),
(410, 'Dress in africa', 'Dress in africa', '05 38 67 53 ', 'euralille@carreffour.com', ''),
(411, 'Castorama', 'Castorama', '05 38 67 53 ', 'sav@fnac.fr', ''),
(412, 'Dress in africa', 'Dress in africa', '05 38 67 53 ', 'euralille@carreffour.com', ''),
(413, 'Castorama', 'Castorama', '05 38 67 53 ', 'achat@auchan.fr', ''),
(414, 'Dress in africa', 'Dress in africa', '0538675310', 'sav@fnac.fr', ''),
(415, 'Open group', 'Open group', '05 38 67 53 ', 'achat@auchan.fr', ''),
(416, 'Dress in africa', 'Dress in africa', '05 38 67 53 ', 'sav@fnac.fr', ''),
(417, 'Castorama', 'Castorama', '05 38 67 53 ', 'euralille@carreffour.com', ''),
(418, 'Dress in africa', 'Dress in africa', '05 38 67 53 ', 'euralille@carreffour.com', ''),
(419, 'Castorama', 'Castorama', '05 38 67 53 ', 'achat@auchan.fr', ''),
(420, 'Dress in africa', 'Dress in africa', '05 38 67 53 ', 'sav@fnac.fr', ''),
(421, 'Castorama', 'Castorama', '0538675310', 'achat@auchan.fr', ''),
(422, 'Dress in africa', 'Dress in africa', '05 38 67 53 ', 'sav@fnac.fr', ''),
(423, 'Castorama', 'Castorama', '05 38 67 53 ', 'sav@fnac.fr', ''),
(424, 'Dress in africa', 'Dress in africa', '05 38 67 53 ', 'achat@auchan.fr', ''),
(425, 'Castorama', 'Castorama', '05 38 67 53 ', 'achat@auchan.fr', ''),
(426, 'Dress in africa', 'Dress in africa', '05 38 67 53 ', 'achat@auchan.fr', ''),
(427, 'Microsoft', 'Microsoft', '05 38 67 53 ', 'achat@auchan.fr', ''),
(428, 'Dress in africa', 'Dress in africa', '05 38 67 53 ', 'sav@fnac.fr', ''),
(429, 'Microsoft', 'Microsoft', '05 38 67 53 ', 'sav@fnac.fr', ''),
(430, 'Dress in africa', 'Dress in africa', '05 38 67 53 ', 'achat@auchan.fr', ''),
(431, 'Microsoft', 'Microsoft', '05 38 67 53 ', 'sav@fnac.fr', ''),
(432, 'Dress in africa', 'Dress in africa', '05 38 67 53 ', 'achat@auchan.fr', ''),
(433, 'Microsoft', 'Microsoft', '05 38 67 53 ', 'sav@fnac.fr', ''),
(434, 'Dress in africa', 'Dress in africa', '05 38 67 53 ', 'achat@auchan.fr', ''),
(435, 'Castorama', 'Castorama', '05 38 67 53 ', 'achat@auchan.fr', ''),
(436, 'Dress in africa', 'Dress in africa', '05 38 67 53 ', 'achat@auchan.fr', ''),
(437, 'Microsoft', 'Microsoft', '05 38 67 53 ', 'achat@auchan.fr', ''),
(438, 'Dress in africa', 'Dress in africa', '05 38 67 53 ', 'sav@fnac.fr', ''),
(439, 'Castorama', 'Castorama', '05 38 67 53 ', 'sav@fnac.fr', ''),
(440, 'Dress in africa', 'Dress in africa', '05 38 67 53 ', 'sav@fnac.fr', ''),
(441, 'Castorama', 'Castorama', '05 38 67 53 ', 'sav@fnac.fr', ''),
(442, 'Dress in africa', 'Dress in africa', '05 38 67 53 ', 'sav@fnac.fr', ''),
(443, 'Castorama', 'Castorama', '05 38 67 53 ', 'sav@fnac.fr', ''),
(444, 'Kone', 'Kone', '05 38 67 53 ', 'sav@fnac.fr', ''),
(445, 'Carrefor', 'Carrefor', '05 38 67 53 ', 'achat@auchan.fr', ''),
(446, 'Dress in africa', 'Dress in africa', '05 38 67 53 ', 'sav@fnac.fr', ''),
(447, 'Microsoft', 'Microsoft', '05 38 67 53 ', 'sav@fnac.fr', ''),
(448, 'Dress in africa', 'Dress in africa', '05 38 67 53 ', 'achat@auchan.fr', ''),
(449, 'Microsoft', 'Microsoft', '05 38 67 53 ', 'achat@auchan.fr', ''),
(450, 'Dress in africa', 'Dress in africa', '05 38 67 53 ', 'euralille@carreffour.com', ''),
(451, 'Microsoft', 'Microsoft', '05 38 67 53 ', 'sav@fnac.fr', ''),
(452, 'Dress in africa', 'Dress in africa', '05 38 67 53 ', 'sav@fnac.fr', ''),
(453, 'Microsoft', 'Microsoft', '05 38 67 53 ', 'achat@auchan.fr', ''),
(454, 'Dress in africa', 'Dress in africa', '05 38 67 53 ', 'achat@auchan.fr', ''),
(455, 'Microsoft', 'Microsoft', '05 38 67 53 ', 'achat@auchan.fr', ''),
(456, 'Microsoft', 'Microsoft', '05 38 67 53 ', 'sav@fnac.fr', ''),
(457, 'Castorama', 'Castorama', '05 38 67 53 ', 'sav@fnac.fr', ''),
(458, 'Microsoft', 'Microsoft', '05 38 67 53 ', 'achat@auchan.fr', ''),
(459, 'Microsoft', 'Microsoft', '05 38 67 53 ', 'achat@auchan.fr', ''),
(460, 'Microsoft', 'Microsoft', '05 38 67 53 ', 'achat@auchan.fr', ''),
(461, 'Carrefor', 'Carrefor', '05 38 67 53 ', 'achat@auchan.fr', ''),
(462, 'Dress in africa', 'Dress in africa', '05 38 67 53 ', 'achat@auchan.fr', ''),
(463, 'Carrefor', 'Carrefor', '05 38 67 53 ', 'achat@auchan.fr', ''),
(464, 'Dress in africa', 'Dress in africa', '05 38 67 53 ', 'achat@auchan.fr', ''),
(465, 'Carrefor', 'Carrefor', '05 38 67 53 ', 'achat@auchan.fr', ''),
(466, 'Dress in africa', 'Dress in africa', '05 38 67 53 ', 'achat@auchan.fr', ''),
(467, 'Microsoft', 'Microsoft', '05 38 67 53 ', 'achat@auchan.fr', ''),
(468, 'Microsoft', 'Microsoft', '05 38 67 53 ', 'sav@fnac.fr', ''),
(469, 'Castorama', 'Castorama', '05 38 67 53 ', 'sav@fnac.fr', ''),
(470, 'Microsoft', 'Microsoft', '05 38 67 53 ', 'sav@fnac.fr', ''),
(471, 'Castorama', 'Castorama', '05 38 67 53 ', 'achat@auchan.fr', ''),
(472, 'Microsoft', 'Microsoft', '05 38 67 53 ', 'sav@fnac.fr', ''),
(473, 'Castorama', 'Castorama', '05 38 67 53 ', 'sav@fnac.fr', ''),
(474, 'Microsoft', 'Microsoft', '05 38 67 53 ', 'achat@auchan.fr', ''),
(475, 'Auchan', 'Auchan', '05 38 67 53 ', 'achat@auchan.fr', ''),
(476, 'Dress in africa', 'Dress in africa', '05 38 67 53 ', 'sav@fnac.fr', ''),
(477, 'Carrefor', 'Carrefor', '05 38 67 53 ', 'achat@auchan.fr', ''),
(478, 'Dress in africa', 'Dress in africa', '05 38 67 53 ', 'sav@fnac.fr', ''),
(479, 'Castorama', 'Castorama', '05 38 67 53 ', 'sav@fnac.fr', ''),
(480, 'Dress in africa', 'Dress in africa', '05 38 67 53 ', 'achat@auchan.fr', ''),
(481, 'Castorama', 'Castorama', '05 38 67 53 ', 'sav@fnac.fr', ''),
(482, 'Microsoft', 'Microsoft', '05 38 67 53 ', 'sav@fnac.fr', ''),
(483, 'Microsoft', 'Microsoft', '05 38 67 53 ', 'achat@auchan.fr', ''),
(484, 'Dress in africa', 'Dress in africa', '05 38 67 53 ', 'achat@auchan.fr', ''),
(485, 'Microsoft', 'Microsoft', '05 38 67 53 ', 'achat@auchan.fr', ''),
(486, 'Microsoft', 'Microsoft', '05 38 67 53 ', 'achat@auchan.fr', ''),
(487, 'Microsoft', 'Microsoft', '05 38 67 53 ', 'achat@auchan.fr', ''),
(488, 'Microsoft', 'Microsoft', '05 38 67 53 ', 'achat@auchan.fr', ''),
(489, 'Microsoft', 'Microsoft', '05 38 67 53 ', 'achat@auchan.fr', ''),
(490, 'Microsoft', 'Microsoft', '05 38 67 53 ', 'achat@auchan.fr', ''),
(491, 'Microsoft', 'Microsoft', '05 38 67 53 ', 'achat@auchan.fr', ''),
(492, 'Microsoft', 'Microsoft', '05 38 67 53 ', 'sav@fnac.fr', ''),
(493, 'Microsoft', 'Microsoft', '05 38 67 53 ', 'achat@auchan.fr', ''),
(494, 'Microsoft', 'Microsoft', '05 38 67 53 ', 'sav@fnac.fr', ''),
(495, 'Carrefor', 'Carrefor', '03 38 67 53 ', 'euralille@carreffour.com', ''),
(496, 'Dress in africa', 'Dress in africa', '07 38 67 53 ', 'sav@fnac.fr', ''),
(497, 'Auchan', 'Auchan', '05 38 67 53 ', 'achat@auchan.fr', ''),
(498, 'Microsoft', 'Microsoft', '07 38 67 53 ', 'sav@fnac.fr', ''),
(499, 'Microsoft', 'Microsoft', '03 38 67 53 ', 'achat@auchan.fr', ''),
(500, 'Dell', 'Dell', '07 38 67 53 ', 'achat@auchan.fr', ''),
(501, 'Auchan', 'Auchan', '03 38 67 53 ', 'achat@auchan.fr', ''),
(502, 'Dress in africa', 'Dress in africa', '07 38 67 53 ', 'achat@auchan.fr', ''),
(503, 'Auchan', 'Auchan', '03 38 67 53 ', 'achat@auchan.fr', ''),
(504, 'Microsoft', 'Microsoft', '07 38 67 53 ', 'sav@fnac.fr', ''),
(505, 'Auchan', 'Auchan', '05 38 67 53 ', 'achat@auchan.fr', ''),
(506, 'Dress in africa', 'Dress in africa', '05 38 67 53 ', 'sav@fnac.fr', ''),
(507, 'Microsoft', 'Microsoft', '05 38 67 53 ', 'euralille@carreffour.com', ''),
(508, 'Microsoft', 'Microsoft', '07 38 67 53 ', 'euralille@carreffour.com', ''),
(509, 'Carrefor', 'Carrefor', '03 38 67 53 ', 'achat@auchan.fr', ''),
(510, 'Dress in africa', 'Dress in africa', '07 38 67 53 ', 'euralille@carreffour.com', ''),
(511, 'Castorama', 'Castorama', '05 38 67 53 ', 'achat@auchan.fr', ''),
(512, 'Microsoft', 'Microsoft', '05 38 67 53 ', 'euralille@carreffour.com', ''),
(513, 'Auchan', 'Auchan', '05 38 67 53 ', 'achat@auchan.fr', ''),
(514, 'Microsoft', 'Microsoft', '05 38 67 53 ', 'euralille@carreffour.com', ''),
(515, 'Microsoft', 'Microsoft', '05 38 67 53 ', 'achat@auchan.fr', ''),
(516, 'Dress in africa', 'Dress in africa', '05 38 67 53 ', 'euralille@carreffour.com', ''),
(517, 'Guinea whole sale', 'Guinea whole sale', '06 28 53 76 ', 'berngue@hotmail.fr', 'berngue@hotmail.fr'),
(518, 'Guinee games', 'Guinee games', '03 98 76 12 ', 'sav@ggmes.gn', 'sav@ggmes.gn'),
(519, 'Bouygue telecom', 'Bouygue telecom', '06 28 53 76 ', 'sav@gwholesale.gn', 'sav@gwholesale.gn'),
(520, 'Guinee games', 'Guinee games', '03 98 76 12 ', 'sav@ggmes.gn', 'sav@ggmes.gn'),
(521, 'Guinea whole sale', 'Guinea whole sale', '06 28 53 76 ', 'sav@gwholesale.gn', 'sav@gwholesale.gn'),
(522, 'Banque postale', 'Banque postale', '06 28 53 76 ', 'sav@gwholesale.gn', 'sav@gwholesale.gn'),
(523, 'Guinea whole sale', 'Guinea whole sale', '03 98 76 12 ', 'sav@ggmes.gn', ''),
(524, 'Guinee games', 'Guinee games', '06 28 53 76 ', 'sav@ggmes.gn', ''),
(525, 'Guinea whole sale', 'Guinea whole sale', '03 98 76 12 ', 'sav@ggmes.gn', ''),
(526, 'Guinee games', 'Guinee games', '06 28 53 76 ', 'sav@ggmes.gn', ''),
(527, 'Guinea whole sale', 'Guinea whole sale', '03 98 76 12 ', 'sav@ggmes.gn', ''),
(528, 'Guinee games', 'Guinee games', '06 28 53 76 ', 'sav@ggmes.gn', ''),
(529, 'Guinea whole sale', 'Guinea whole sale', '03 98 76 12 ', 'sav@gwholesale.gn', ''),
(530, 'Guinee games', 'Guinee games', '06 28 53 76 ', 'sav@ggmes.gn', ''),
(531, 'Guinea whole sale', 'Guinea whole sale', '03 98 76 12 ', 'sav@gwholesale.gn', ''),
(532, 'Guinee games', 'Guinee games', '06 28 53 76 ', 'sav@ggmes.gn', ''),
(533, 'Bouygue telecom', 'Bouygue telecom', '03 98 76 12 ', 'sav@ggmes.gn', ''),
(534, 'Guinee games', 'Guinee games', '03 98 76 12 ', 'sav@gwholesale.gn', '');

-- --------------------------------------------------------

--
-- Structure de la table `cexp_customersaddress`
--

CREATE TABLE IF NOT EXISTS `cexp_customersaddress` (
  `CustomersID` int(11) NOT NULL,
  `AddressID` int(11) NOT NULL,
  `ModifiedID` timestamp NOT NULL DEFAULT CURRENT_TIMESTAMP,
  `Rowguid` varbinary(16) NOT NULL
) ENGINE=MyISAM DEFAULT CHARSET=utf8 COLLATE=utf8_unicode_ci;

-- --------------------------------------------------------

--
-- Structure de la table `cexp_means`
--

CREATE TABLE IF NOT EXISTS `cexp_means` (
  `MeansID` int(11) NOT NULL AUTO_INCREMENT,
  `Designation` varchar(30) COLLATE utf8_unicode_ci NOT NULL,
  PRIMARY KEY (`MeansID`)
) ENGINE=MyISAM  DEFAULT CHARSET=utf8 COLLATE=utf8_unicode_ci AUTO_INCREMENT=5 ;

--
-- Contenu de la table `cexp_means`
--

INSERT INTO `cexp_means` (`MeansID`, `Designation`) VALUES
(1, 'Routier'),
(2, 'Aérien'),
(3, 'Maritime'),
(4, 'Féroviaire');

-- --------------------------------------------------------

--
-- Structure de la table `cexp_packet`
--

CREATE TABLE IF NOT EXISTS `cexp_packet` (
  `PacketID` int(11) NOT NULL AUTO_INCREMENT,
  `ConsignorID` int(11) NOT NULL,
  `ConsigneeID` int(11) NOT NULL,
  `ServiceID` int(10) NOT NULL,
  `PacketCategoryID` int(11) DEFAULT NULL,
  `AmountCollection` double NOT NULL,
  `StatusID` int(11) DEFAULT NULL,
  `TrackingCode` varchar(20) CHARACTER SET utf8 DEFAULT NULL,
  PRIMARY KEY (`PacketID`)
) ENGINE=MyISAM  DEFAULT CHARSET=utf8 COLLATE=utf8_unicode_ci AUTO_INCREMENT=250 ;

--
-- Contenu de la table `cexp_packet`
--

INSERT INTO `cexp_packet` (`PacketID`, `ConsignorID`, `ConsigneeID`, `ServiceID`, `PacketCategoryID`, `AmountCollection`, `StatusID`, `TrackingCode`) VALUES
(1, 8, 7, 2, 2, 0, NULL, NULL),
(2, 10, 9, 2, 2, 0, NULL, NULL),
(3, 12, 11, 2, 2, 40.11, NULL, NULL),
(4, 14, 13, 2, 1, 99.999999, NULL, NULL),
(5, 16, 15, 2, 2, 0, NULL, NULL),
(6, 18, 17, 2, 2, 0, NULL, NULL),
(7, 20, 19, 2, 2, 99.999999, NULL, NULL),
(8, 22, 21, 2, 2, 99.999999, NULL, NULL),
(9, 24, 23, 2, 2, 99.999999, NULL, NULL),
(10, 26, 25, 2, 2, 99.999999, NULL, NULL),
(11, 28, 27, 2, 2, 99.999999, NULL, NULL),
(12, 30, 29, 2, 2, 99.999999, NULL, NULL),
(13, 32, 31, 2, 2, 145.889999, NULL, NULL),
(14, 34, 33, 2, 2, 145.889999, NULL, NULL),
(15, 36, 35, 2, 2, 259.78, NULL, NULL),
(16, 38, 37, 2, 2, 0, NULL, NULL),
(17, 40, 39, 2, 2, 0, NULL, NULL),
(18, 42, 41, 2, 2, 0, NULL, NULL),
(19, 44, 43, 2, 2, 0, NULL, NULL),
(20, 46, 45, 2, 2, 0, NULL, NULL),
(21, 48, 47, 2, 2, 0, NULL, NULL),
(22, 50, 49, 2, 2, 0, NULL, NULL),
(23, 52, 51, 2, 2, 0, NULL, NULL),
(24, 54, 53, 2, 2, 259.78, NULL, NULL),
(25, 56, 55, 2, 2, 0, NULL, NULL),
(26, 58, 57, 2, 2, 259.78, 1, NULL),
(27, 60, 59, 2, 2, 259.78, NULL, NULL),
(28, 62, 61, 2, 2, 259.78, NULL, NULL),
(29, 64, 63, 2, 2, 259.78, NULL, NULL),
(30, 66, 65, 2, 2, 273.15, NULL, NULL),
(31, 68, 67, 2, 2, 273.15, 2, NULL),
(32, 70, 69, 2, 2, 0, NULL, NULL),
(33, 72, 71, 2, 2, 0, NULL, NULL),
(34, 74, 73, 2, 2, 123.89, NULL, NULL),
(35, 76, 75, 2, 2, 0, NULL, NULL),
(36, 78, 77, 2, 2, 0, 1, NULL),
(37, 80, 79, 2, 2, 0, NULL, NULL),
(38, 82, 81, 2, 2, 273.15, NULL, NULL),
(39, 84, 83, 2, 2, 273.15, NULL, NULL),
(40, 86, 85, 2, 2, 213.89, NULL, NULL),
(41, 88, 87, 2, 2, 213.89, NULL, NULL),
(42, 90, 89, 2, 2, 123.89, NULL, NULL),
(43, 92, 91, 2, 2, 123.89, NULL, NULL),
(44, 94, 93, 2, 2, 123.89, NULL, NULL),
(45, 96, 95, 2, 2, 123.89, NULL, NULL),
(46, 98, 97, 2, 2, 123.89, NULL, NULL),
(47, 100, 99, 2, 2, 123.89, NULL, NULL),
(48, 102, 101, 2, 2, 123.89, NULL, NULL),
(49, 104, 103, 2, 2, 123.89, 3, NULL),
(50, 106, 105, 2, 2, 123.89, 2, NULL),
(51, 108, 107, 2, 2, 123.89, 4, NULL),
(52, 110, 109, 3, 2, 123.89, 4, NULL),
(53, 112, 111, 2, 2, 123.89, 1, NULL),
(54, 114, 113, 2, 2, 259.78, 1, NULL),
(55, 116, 115, 2, 2, 259.78, 3, NULL),
(56, 118, 117, 2, 2, 259.78, NULL, NULL),
(57, 120, 119, 2, 2, 259.78, NULL, NULL),
(58, 122, 121, 2, 2, 259.78, NULL, NULL),
(59, 124, 123, 2, 2, 259.78, NULL, NULL),
(60, 126, 125, 2, 2, 259.78, NULL, NULL),
(61, 128, 127, 2, 2, 259.78, 1, NULL),
(62, 130, 129, 2, 2, 259.78, NULL, NULL),
(63, 132, 131, 2, NULL, 259.78, 3, NULL),
(64, 134, 133, 2, NULL, 259.78, 2, NULL),
(73, 152, 151, 2, NULL, 0, 1, NULL),
(72, 150, 149, 2, NULL, 213.89, 3, NULL),
(71, 148, 147, 2, NULL, 259.78, 1, NULL),
(70, 146, 145, 2, NULL, 259.78, 1, NULL),
(74, 154, 153, 2, NULL, 0, 1, NULL),
(75, 156, 155, 2, NULL, 0, 1, NULL),
(76, 158, 157, 2, NULL, 0, 1, NULL),
(77, 160, 159, 2, NULL, 123.89, 3, NULL),
(78, 164, 163, 2, NULL, 0, 1, NULL),
(79, 166, 165, 2, NULL, 259.78, 1, NULL),
(80, 168, 167, 2, NULL, 259.78, 1, NULL),
(81, 170, 169, 2, NULL, 213.89, 1, NULL),
(82, 172, 171, 2, NULL, 90, 1, NULL),
(83, 174, 173, 2, NULL, 0, 2, NULL),
(84, 176, 175, 2, NULL, 90, 1, NULL),
(85, 178, 177, 2, NULL, 259.78, 1, NULL),
(86, 180, 179, 2, NULL, 13.37, 2, NULL),
(87, 182, 181, 2, NULL, 259.78, 1, NULL),
(88, 184, 183, 2, NULL, 259.78, 1, NULL),
(89, 186, 185, 2, NULL, 90, 1, NULL),
(90, 188, 187, 2, NULL, 259.78, 1, NULL),
(91, 190, 189, 2, NULL, 259.78, 3, NULL),
(92, 192, 191, 2, NULL, 259.78, 2, NULL),
(93, 194, 193, 2, NULL, 259.78, 1, NULL),
(94, 196, 195, 2, NULL, 259.78, 1, NULL),
(95, 198, 197, 2, NULL, 259.78, 1, NULL),
(96, 200, 199, 2, NULL, 259.78, 1, NULL),
(97, 202, 201, 2, NULL, 259.78, 1, NULL),
(98, 204, 203, 2, NULL, 213.89, 1, NULL),
(99, 206, 205, 2, NULL, 259.78, 1, NULL),
(100, 208, 207, 2, NULL, 90, 1, NULL),
(101, 210, 209, 2, NULL, 213.89, 1, NULL),
(102, 230, 229, 2, NULL, 213.89, 1, NULL),
(103, 232, 231, 2, NULL, 259.78, 1, NULL),
(104, 234, 233, 2, NULL, 213.89, 1, NULL),
(105, 236, 235, 2, NULL, 213.89, 1, NULL),
(106, 238, 237, 2, NULL, 150.63, 1, NULL),
(107, 240, 239, 2, NULL, 213.89, 1, NULL),
(108, 242, 241, 2, NULL, 213.89, 1, NULL),
(109, 244, 243, 2, NULL, 259.78, 1, NULL),
(110, 246, 245, 2, NULL, 259.78, 1, NULL),
(111, 248, 247, 2, NULL, 259.78, 1, NULL),
(112, 250, 249, 2, NULL, 259.78, 1, NULL),
(113, 252, 251, 2, NULL, 259.78, 1, NULL),
(114, 254, 253, 2, NULL, 259.78, 1, NULL),
(115, 256, 255, 2, NULL, 137.26, 1, NULL),
(116, 258, 257, 2, NULL, 137.26, 1, NULL),
(117, 260, 259, 2, NULL, 90, 1, NULL),
(118, 262, 261, 2, NULL, 259.78, 1, NULL),
(119, 264, 263, 2, NULL, 215.67, 1, NULL),
(120, 266, 265, 2, NULL, 213.89, 1, NULL),
(121, 270, 269, 2, NULL, 213.89, 1, NULL),
(122, 272, 271, 2, NULL, 259.78, 1, NULL),
(123, 274, 273, 2, NULL, 213.89, 1, NULL),
(124, 276, 275, 2, NULL, 259.78, 1, NULL),
(125, 278, 277, 2, NULL, 259.78, 1, NULL),
(126, 280, 279, 2, NULL, 259.78, 1, NULL),
(127, 282, 281, 2, NULL, 259.78, 1, NULL),
(128, 284, 283, 2, NULL, 259.78, 1, NULL),
(129, 286, 285, 2, NULL, 259.78, 1, NULL),
(130, 288, 287, 2, NULL, 0, 1, NULL),
(131, 290, 289, 2, NULL, 0, 1, NULL),
(132, 292, 291, 2, NULL, 0, 1, NULL),
(133, 294, 293, 2, NULL, 259.78, 1, NULL),
(134, 296, 295, 2, NULL, 259.78, 1, NULL),
(135, 298, 297, 2, NULL, 259.78, 1, NULL),
(136, 300, 299, 2, NULL, 259.78, 1, NULL),
(137, 302, 301, 2, NULL, 259.78, 1, NULL),
(138, 304, 303, 2, NULL, 123.89, 1, NULL),
(139, 306, 305, 2, NULL, 259.78, 1, NULL),
(140, 308, 307, 2, NULL, 259.78, 1, NULL),
(141, 310, 309, 2, NULL, 259.78, 1, NULL),
(142, 312, 311, 2, NULL, 259.78, 1, NULL),
(143, 314, 313, 2, NULL, 259.78, 1, NULL),
(144, 316, 315, 2, NULL, 259.78, 1, NULL),
(145, 324, 323, 2, NULL, 259.78, 1, NULL),
(146, 326, 325, 2, NULL, 259.78, 1, NULL),
(147, 328, 327, 2, NULL, 259.78, 1, NULL),
(148, 330, 329, 2, NULL, 259.78, 1, NULL),
(149, 332, 331, 2, NULL, 259.78, 1, NULL),
(150, 334, 333, 2, NULL, 273.15, 1, NULL),
(151, 336, 335, 2, NULL, 273.15, 1, NULL),
(152, 338, 337, 2, NULL, 259.78, 1, NULL),
(153, 340, 339, 2, NULL, 259.78, 1, NULL),
(154, 342, 341, 2, NULL, 123.89, 1, NULL),
(155, 344, 343, 2, NULL, 259.78, 1, NULL),
(156, 346, 345, 2, NULL, 259.78, 1, NULL),
(157, 348, 347, 2, NULL, 259.78, 1, NULL),
(158, 350, 349, 2, NULL, 227.26, 1, NULL),
(159, 352, 351, 2, NULL, 0, 1, NULL),
(160, 354, 353, 2, NULL, 0, 1, NULL),
(161, 356, 355, 2, NULL, 0, 1, NULL),
(162, 358, 357, 2, NULL, 0, 1, NULL),
(163, 360, 359, 2, NULL, 0, 1, NULL),
(164, 362, 361, 2, NULL, 0, 1, NULL),
(165, 364, 363, 2, NULL, 0, 1, NULL),
(166, 366, 365, 2, NULL, 0, 1, NULL),
(167, 368, 367, 2, NULL, 0, 1, NULL),
(168, 370, 369, 2, NULL, 123.89, 1, NULL),
(169, 372, 371, 2, NULL, 123.89, 1, NULL),
(170, 374, 373, 2, NULL, 273.15, 1, NULL),
(171, 376, 375, 2, NULL, 259.78, 1, NULL),
(172, 378, 377, 2, NULL, 123.89, 1, NULL),
(173, 380, 379, 2, NULL, 90, 1, NULL),
(174, 382, 381, 2, NULL, 90, 1, NULL),
(175, 384, 383, 2, NULL, 123.89, 1, NULL),
(176, 386, 385, 2, NULL, 225.89, 1, NULL),
(177, 388, 387, 2, NULL, 273.15, 1, NULL),
(178, 390, 389, 2, NULL, 213.89, 1, NULL),
(179, 392, 391, 2, NULL, 213.89, 1, NULL),
(180, 394, 393, 2, NULL, 259.78, 1, NULL),
(181, 396, 395, 2, NULL, 123.89, 1, NULL),
(182, 398, 397, 2, NULL, 213.89, 1, NULL),
(183, 400, 399, 2, NULL, 259.78, 1, NULL),
(184, 402, 401, 2, NULL, 213.89, 1, NULL),
(185, 404, 403, 2, NULL, 259.78, 1, NULL),
(186, 406, 405, 2, NULL, 90, 1, NULL),
(187, 408, 407, 2, NULL, 123.89, 1, NULL),
(188, 410, 409, 2, NULL, 259.78, 1, NULL),
(189, 412, 411, 2, NULL, 273.15, 1, NULL),
(190, 414, 413, 2, NULL, 213.89, 1, NULL),
(191, 416, 415, 2, NULL, 259.78, 1, NULL),
(192, 418, 417, 2, NULL, 90, 1, NULL),
(193, 420, 419, 2, NULL, 213.89, 1, NULL),
(194, 422, 421, 2, NULL, 213.89, 1, NULL),
(195, 424, 423, 2, NULL, 90, 1, NULL),
(196, 426, 425, 2, NULL, 90, 1, NULL),
(197, 428, 427, 2, NULL, 213.89, 1, NULL),
(198, 430, 429, 2, NULL, 259.78, 1, NULL),
(199, 432, 431, 2, NULL, 259.78, 1, NULL),
(200, 434, 433, 2, NULL, 259.78, 1, NULL),
(201, 436, 435, 2, NULL, 259.78, 1, NULL),
(202, 438, 437, 2, NULL, 213.89, 1, NULL),
(203, 440, 439, 2, NULL, 123.89, 1, NULL),
(204, 442, 441, 2, NULL, 213.89, 1, NULL),
(205, 444, 443, 2, NULL, 213.89, 1, NULL),
(206, 446, 445, 2, NULL, 213.89, 1, NULL),
(207, 448, 447, 2, NULL, 169.78, 1, NULL),
(208, 450, 449, 2, NULL, 123.89, 1, NULL),
(209, 452, 451, 2, NULL, 123.89, 1, NULL),
(210, 454, 453, 2, NULL, 169.78, 1, NULL),
(211, 456, 455, 2, NULL, 123.89, 1, NULL),
(212, 458, 457, 2, NULL, 213.89, 1, NULL),
(213, 460, 459, 2, NULL, 123.89, 1, NULL),
(214, 462, 461, 2, NULL, 123.89, 1, NULL),
(215, 464, 463, 2, NULL, 123.89, 1, NULL),
(216, 466, 465, 2, NULL, 123.89, 1, NULL),
(217, 468, 467, 2, NULL, 123.89, 1, NULL),
(218, 470, 469, 2, NULL, 123.89, 1, NULL),
(219, 472, 471, 2, NULL, 123.89, 1, NULL),
(220, 474, 473, 2, NULL, 123.89, 1, NULL),
(221, 476, 475, 2, NULL, 123.89, 1, NULL),
(222, 478, 477, 2, NULL, 123.89, 1, NULL),
(223, 480, 479, 2, NULL, 273.15, 1, NULL),
(224, 482, 481, 2, NULL, 259.78, 1, NULL),
(225, 484, 483, 2, NULL, 259.78, 1, NULL),
(226, 486, 485, 2, NULL, 123.89, 1, '201510200505'),
(227, 488, 487, 2, NULL, 123.89, 2, '201510200505'),
(228, 490, 489, 2, NULL, 0, 1, '20151020AfFr0505'),
(229, 492, 491, 2, NULL, 0, 1, '20151020AfFr0505'),
(230, 494, 493, 2, NULL, 123.89, 1, '20151020FrGu0505'),
(231, 496, 495, 2, NULL, 213.89, 1, '20151020FRGU0307'),
(232, 498, 497, 2, NULL, 259.78, 1, '20151020FRGU0507'),
(233, 500, 499, 2, NULL, 135.89, 1, 'FR20151020GU0307'),
(234, 502, 501, 2, NULL, 213.89, 1, 'FR20151020101054GU03'),
(235, 504, 503, 2, NULL, 213.89, 1, 'FR20151020105950GU03'),
(236, 506, 505, 2, NULL, 213.89, 1, 'FR20151021121537GU05'),
(237, 508, 507, 2, NULL, 259.78, 4, 'FR20151024033125GU05'),
(238, 510, 509, 2, NULL, 137.26, 1, 'FR20151025213857GU03'),
(239, 512, 511, 2, NULL, 183.15, 1, 'FR20151101192746GU05'),
(240, 514, 513, 2, NULL, 259.78, 2, 'FR20151103031546GU05'),
(241, 516, 515, 2, NULL, 259.78, 1, 'FR20151222145007GU05'),
(242, 520, 519, 2, 2, 90, 1, 'FR20160205141105GU06'),
(243, 522, 521, 2, 2, 90, 1, 'FR20160205142031GU06'),
(244, 524, 523, 2, 2, 90, 1, 'FR20160205143338GU03'),
(245, 526, 525, 2, 2, 90, 1, 'FR20160205143414GU03'),
(246, 528, 527, 2, 2, 90, 1, 'FR20160205143732GU03'),
(247, 530, 529, 2, 2, 259.78, 1, 'FR20160205150524GU03'),
(248, 532, 531, 2, 2, 90, 1, 'FR20160205163821GU03'),
(249, 534, 533, 2, 2, 90, 1, 'FR20160205170111GU03');

-- --------------------------------------------------------

--
-- Structure de la table `cexp_packetaddresses`
--

CREATE TABLE IF NOT EXISTS `cexp_packetaddresses` (
  `PacketID` int(11) NOT NULL,
  `DestinationAdressID` int(11) NOT NULL,
  `OriginAddressID` int(11) NOT NULL
) ENGINE=MyISAM DEFAULT CHARSET=utf8 COLLATE=utf8_unicode_ci;

--
-- Contenu de la table `cexp_packetaddresses`
--

INSERT INTO `cexp_packetaddresses` (`PacketID`, `DestinationAdressID`, `OriginAddressID`) VALUES
(3, 2, 1),
(4, 4, 3),
(7, 6, 5),
(8, 8, 7),
(9, 10, 9),
(10, 12, 11),
(11, 14, 13),
(12, 16, 15),
(13, 18, 17),
(14, 20, 19),
(15, 22, 21),
(24, 24, 23),
(26, 26, 25),
(27, 28, 27),
(28, 30, 29),
(29, 32, 31),
(30, 34, 33),
(31, 36, 35),
(34, 38, 37),
(35, 40, 39),
(38, 42, 41),
(39, 44, 43),
(40, 46, 45),
(41, 48, 47),
(42, 50, 49),
(43, 52, 51),
(44, 54, 53),
(45, 56, 55),
(46, 58, 57),
(47, 60, 59),
(48, 62, 61),
(49, 64, 63),
(50, 66, 65),
(51, 68, 67),
(52, 70, 69),
(53, 72, 71),
(54, 74, 73),
(55, 76, 75),
(56, 78, 77),
(57, 80, 79),
(58, 82, 81),
(59, 84, 83),
(60, 86, 85),
(61, 88, 87),
(62, 90, 89),
(63, 92, 91),
(64, 94, 93),
(65, 96, 95),
(66, 98, 97),
(67, 100, 99),
(69, 102, 101),
(70, 104, 103),
(71, 106, 105),
(72, 108, 107),
(77, 110, 109),
(80, 113, 112),
(81, 115, 114),
(82, 117, 116),
(83, 119, 118),
(84, 121, 120),
(85, 123, 122),
(86, 125, 124),
(87, 127, 126),
(88, 129, 128),
(89, 131, 130),
(90, 133, 132),
(91, 135, 134),
(92, 137, 136),
(93, 139, 138),
(94, 141, 140),
(95, 143, 142),
(96, 145, 144),
(97, 147, 146),
(98, 149, 148),
(99, 151, 150),
(100, 153, 152),
(101, 155, 154),
(102, 157, 156),
(103, 159, 158),
(104, 161, 160),
(105, 163, 162),
(106, 165, 164),
(107, 167, 166),
(108, 169, 168),
(109, 171, 170),
(110, 173, 172),
(111, 175, 174),
(112, 177, 176),
(113, 179, 178),
(114, 181, 180),
(115, 183, 182),
(116, 185, 184),
(117, 187, 186),
(118, 189, 188),
(119, 191, 190),
(120, 193, 192),
(121, 195, 194),
(122, 197, 196),
(123, 199, 198),
(124, 201, 200),
(125, 203, 202),
(126, 205, 204),
(127, 207, 206),
(128, 209, 208),
(129, 211, 210),
(133, 213, 212),
(134, 215, 214),
(135, 217, 216),
(136, 219, 218),
(137, 221, 220),
(138, 223, 222),
(139, 225, 224),
(140, 227, 226),
(141, 229, 228),
(142, 231, 230),
(143, 233, 232),
(144, 235, 234),
(145, 237, 236),
(146, 239, 238),
(147, 241, 240),
(148, 243, 242),
(149, 245, 244),
(150, 247, 246),
(151, 249, 248),
(152, 251, 250),
(153, 253, 252),
(154, 255, 254),
(155, 257, 256),
(156, 259, 258),
(157, 261, 260),
(158, 263, 262),
(159, 265, 264),
(160, 267, 266),
(161, 269, 268),
(162, 271, 270),
(163, 273, 272),
(164, 275, 274),
(165, 277, 276),
(166, 279, 278),
(167, 281, 280),
(168, 283, 282),
(169, 285, 284),
(170, 287, 286),
(171, 289, 288),
(172, 291, 290),
(173, 293, 292),
(174, 295, 294),
(175, 297, 296),
(176, 299, 298),
(177, 301, 300),
(178, 303, 302),
(179, 305, 304),
(180, 307, 306),
(181, 309, 308),
(182, 311, 310),
(183, 313, 312),
(184, 315, 314),
(185, 317, 316),
(186, 319, 318),
(187, 321, 320),
(188, 323, 322),
(189, 325, 324),
(190, 327, 326),
(191, 329, 328),
(192, 331, 330),
(193, 333, 332),
(194, 335, 334),
(195, 337, 336),
(196, 339, 338),
(197, 341, 340),
(198, 343, 342),
(199, 345, 344),
(200, 347, 346),
(201, 349, 348),
(202, 351, 350),
(203, 353, 352),
(204, 355, 354),
(205, 357, 356),
(206, 359, 358),
(207, 361, 360),
(208, 363, 362),
(209, 365, 364),
(210, 367, 366),
(211, 369, 368),
(212, 371, 370),
(213, 373, 372),
(214, 375, 374),
(215, 377, 376),
(216, 379, 378),
(217, 381, 380),
(218, 383, 382),
(219, 385, 384),
(220, 387, 386),
(221, 389, 388),
(222, 391, 390),
(223, 393, 392),
(224, 395, 394),
(225, 397, 396),
(226, 399, 398),
(227, 401, 400),
(230, 403, 402),
(231, 405, 404),
(232, 407, 406),
(233, 409, 408),
(234, 411, 410),
(235, 413, 412),
(236, 415, 414),
(237, 417, 416),
(238, 419, 418),
(239, 421, 420),
(240, 423, 422),
(241, 425, 424),
(244, 427, 426),
(245, 429, 428),
(246, 431, 430),
(247, 433, 432),
(248, 435, 434),
(249, 437, 436);

-- --------------------------------------------------------

--
-- Structure de la table `cexp_packetcategories`
--

CREATE TABLE IF NOT EXISTS `cexp_packetcategories` (
  `CategoryID` int(11) NOT NULL AUTO_INCREMENT,
  `Designation` varchar(30) CHARACTER SET utf8 NOT NULL,
  PRIMARY KEY (`CategoryID`)
) ENGINE=MyISAM  DEFAULT CHARSET=utf8 COLLATE=utf8_unicode_ci AUTO_INCREMENT=3 ;

--
-- Contenu de la table `cexp_packetcategories`
--

INSERT INTO `cexp_packetcategories` (`CategoryID`, `Designation`) VALUES
(1, 'Known'),
(2, 'Unknown');

-- --------------------------------------------------------

--
-- Structure de la table `cexp_packetshistorique`
--

CREATE TABLE IF NOT EXISTS `cexp_packetshistorique` (
  `TrankingID` int(11) NOT NULL AUTO_INCREMENT,
  `TrackingCode` varchar(20) NOT NULL,
  `Comment` varchar(150) NOT NULL,
  `Date` timestamp NOT NULL DEFAULT CURRENT_TIMESTAMP,
  PRIMARY KEY (`TrankingID`)
) ENGINE=MyISAM  DEFAULT CHARSET=latin1 AUTO_INCREMENT=18 ;

--
-- Contenu de la table `cexp_packetshistorique`
--

INSERT INTO `cexp_packetshistorique` (`TrankingID`, `TrackingCode`, `Comment`, `Date`) VALUES
(1, 'FR20151103031546GU05', 'Waiting', '2015-11-03 02:21:56'),
(2, 'FR20151101192746GU05', 'Waiting', '2015-11-03 02:22:14'),
(3, 'FR20151025213857GU03', 'Waiting', '2015-11-03 02:22:21'),
(4, 'FR20151021121537GU05', 'Waiting', '2015-11-03 02:22:27'),
(5, 'FR20151020101054GU03', 'Waiting', '2015-11-03 02:22:35'),
(6, 'FR20151020GU0307', 'Waiting', '2015-11-03 02:22:42'),
(7, '20151020FRGU0507', 'Waiting', '2015-11-03 02:22:46'),
(8, '20151020FRGU0307', 'Waiting', '2015-11-03 02:22:51'),
(9, '201510200505', 'Picked up', '2015-11-03 02:22:59'),
(10, 'FR20151103031546GU05', 'Picked up', '2015-11-03 02:23:41'),
(11, 'FR20151222145007GU05', 'Waiting', '2015-12-22 13:50:08'),
(12, 'FR20160205143338GU03', 'Waiting', '2016-02-05 13:33:38'),
(13, 'FR20160205143414GU03', 'Waiting', '2016-02-05 13:34:14'),
(14, 'FR20160205143732GU03', 'Waiting', '2016-02-05 13:37:32'),
(15, 'FR20160205150524GU03', 'Waiting', '2016-02-05 14:05:24'),
(16, 'FR20160205163821GU03', 'Waiting', '2016-02-05 15:38:21'),
(17, 'FR20160205170111GU03', 'Waiting', '2016-02-05 16:01:11');

-- --------------------------------------------------------

--
-- Structure de la table `cexp_packetstatus`
--

CREATE TABLE IF NOT EXISTS `cexp_packetstatus` (
  `StatusID` int(11) NOT NULL AUTO_INCREMENT,
  `DesignationStatus` varchar(30) NOT NULL,
  PRIMARY KEY (`StatusID`)
) ENGINE=MyISAM  DEFAULT CHARSET=utf8 AUTO_INCREMENT=5 ;

--
-- Contenu de la table `cexp_packetstatus`
--

INSERT INTO `cexp_packetstatus` (`StatusID`, `DesignationStatus`) VALUES
(1, 'Waiting'),
(2, 'Picked up'),
(3, 'On track'),
(4, 'Delivered');

-- --------------------------------------------------------

--
-- Structure de la table `cexp_pays`
--

CREATE TABLE IF NOT EXISTS `cexp_pays` (
  `id` smallint(5) unsigned NOT NULL AUTO_INCREMENT,
  `code` int(3) NOT NULL,
  `alpha2` varchar(2) NOT NULL,
  `alpha3` varchar(3) NOT NULL,
  `nom_en_gb` varchar(45) NOT NULL,
  `nom_fr_fr` varchar(45) NOT NULL,
  PRIMARY KEY (`id`),
  UNIQUE KEY `alpha2` (`alpha2`),
  UNIQUE KEY `alpha3` (`alpha3`),
  UNIQUE KEY `code_unique` (`code`)
) ENGINE=MyISAM  DEFAULT CHARSET=utf8 AUTO_INCREMENT=242 ;

--
-- Contenu de la table `cexp_pays`
--

INSERT INTO `cexp_pays` (`id`, `code`, `alpha2`, `alpha3`, `nom_en_gb`, `nom_fr_fr`) VALUES
(1, 4, 'AF', 'AFG', 'Afghanistan', 'Afghanistan'),
(2, 8, 'AL', 'ALB', 'Albania', 'Albanie'),
(3, 10, 'AQ', 'ATA', 'Antarctica', 'Antarctique'),
(4, 12, 'DZ', 'DZA', 'Algeria', 'Algérie'),
(5, 16, 'AS', 'ASM', 'American Samoa', 'Samoa Américaines'),
(6, 20, 'AD', 'AND', 'Andorra', 'Andorre'),
(7, 24, 'AO', 'AGO', 'Angola', 'Angola'),
(8, 28, 'AG', 'ATG', 'Antigua and Barbuda', 'Antigua-et-Barbuda'),
(9, 31, 'AZ', 'AZE', 'Azerbaijan', 'Azerbaïdjan'),
(10, 32, 'AR', 'ARG', 'Argentina', 'Argentine'),
(11, 36, 'AU', 'AUS', 'Australia', 'Australie'),
(12, 40, 'AT', 'AUT', 'Austria', 'Autriche'),
(13, 44, 'BS', 'BHS', 'Bahamas', 'Bahamas'),
(14, 48, 'BH', 'BHR', 'Bahrain', 'Bahreïn'),
(15, 50, 'BD', 'BGD', 'Bangladesh', 'Bangladesh'),
(16, 51, 'AM', 'ARM', 'Armenia', 'Arménie'),
(17, 52, 'BB', 'BRB', 'Barbados', 'Barbade'),
(18, 56, 'BE', 'BEL', 'Belgium', 'Belgique'),
(19, 60, 'BM', 'BMU', 'Bermuda', 'Bermudes'),
(20, 64, 'BT', 'BTN', 'Bhutan', 'Bhoutan'),
(21, 68, 'BO', 'BOL', 'Bolivia', 'Bolivie'),
(22, 70, 'BA', 'BIH', 'Bosnia and Herzegovina', 'Bosnie-Herzégovine'),
(23, 72, 'BW', 'BWA', 'Botswana', 'Botswana'),
(24, 74, 'BV', 'BVT', 'Bouvet Island', 'Île Bouvet'),
(25, 76, 'BR', 'BRA', 'Brazil', 'Brésil'),
(26, 84, 'BZ', 'BLZ', 'Belize', 'Belize'),
(27, 86, 'IO', 'IOT', 'British Indian Ocean Territory', 'Territoire Britannique de l''Océan Indien'),
(28, 90, 'SB', 'SLB', 'Solomon Islands', 'Îles Salomon'),
(29, 92, 'VG', 'VGB', 'British Virgin Islands', 'Îles Vierges Britanniques'),
(30, 96, 'BN', 'BRN', 'Brunei Darussalam', 'Brunéi Darussalam'),
(31, 100, 'BG', 'BGR', 'Bulgaria', 'Bulgarie'),
(32, 104, 'MM', 'MMR', 'Myanmar', 'Myanmar'),
(33, 108, 'BI', 'BDI', 'Burundi', 'Burundi'),
(34, 112, 'BY', 'BLR', 'Belarus', 'Bélarus'),
(35, 116, 'KH', 'KHM', 'Cambodia', 'Cambodge'),
(36, 120, 'CM', 'CMR', 'Cameroon', 'Cameroun'),
(37, 124, 'CA', 'CAN', 'Canada', 'Canada'),
(38, 132, 'CV', 'CPV', 'Cape Verde', 'Cap-vert'),
(39, 136, 'KY', 'CYM', 'Cayman Islands', 'Îles Caïmanes'),
(40, 140, 'CF', 'CAF', 'Central African', 'République Centrafricaine'),
(41, 144, 'LK', 'LKA', 'Sri Lanka', 'Sri Lanka'),
(42, 148, 'TD', 'TCD', 'Chad', 'Tchad'),
(43, 152, 'CL', 'CHL', 'Chile', 'Chili'),
(44, 156, 'CN', 'CHN', 'China', 'Chine'),
(45, 158, 'TW', 'TWN', 'Taiwan', 'Taïwan'),
(46, 162, 'CX', 'CXR', 'Christmas Island', 'Île Christmas'),
(47, 166, 'CC', 'CCK', 'Cocos (Keeling) Islands', 'Îles Cocos (Keeling)'),
(48, 170, 'CO', 'COL', 'Colombia', 'Colombie'),
(49, 174, 'KM', 'COM', 'Comoros', 'Comores'),
(50, 175, 'YT', 'MYT', 'Mayotte', 'Mayotte'),
(51, 178, 'CG', 'COG', 'Republic of the Congo', 'République du Congo'),
(52, 180, 'CD', 'COD', 'The Democratic Republic Of The Congo', 'République Démocratique du Congo'),
(53, 184, 'CK', 'COK', 'Cook Islands', 'Îles Cook'),
(54, 188, 'CR', 'CRI', 'Costa Rica', 'Costa Rica'),
(55, 191, 'HR', 'HRV', 'Croatia', 'Croatie'),
(56, 192, 'CU', 'CUB', 'Cuba', 'Cuba'),
(57, 196, 'CY', 'CYP', 'Cyprus', 'Chypre'),
(58, 203, 'CZ', 'CZE', 'Czech Republic', 'République Tchèque'),
(59, 204, 'BJ', 'BEN', 'Benin', 'Bénin'),
(60, 208, 'DK', 'DNK', 'Denmark', 'Danemark'),
(61, 212, 'DM', 'DMA', 'Dominica', 'Dominique'),
(62, 214, 'DO', 'DOM', 'Dominican Republic', 'République Dominicaine'),
(63, 218, 'EC', 'ECU', 'Ecuador', 'Équateur'),
(64, 222, 'SV', 'SLV', 'El Salvador', 'El Salvador'),
(65, 226, 'GQ', 'GNQ', 'Equatorial Guinea', 'Guinée Équatoriale'),
(66, 231, 'ET', 'ETH', 'Ethiopia', 'Éthiopie'),
(67, 232, 'ER', 'ERI', 'Eritrea', 'Érythrée'),
(68, 233, 'EE', 'EST', 'Estonia', 'Estonie'),
(69, 234, 'FO', 'FRO', 'Faroe Islands', 'Îles Féroé'),
(70, 238, 'FK', 'FLK', 'Falkland Islands', 'Îles (malvinas) Falkland'),
(71, 239, 'GS', 'SGS', 'South Georgia and the South Sandwich Islands', 'Géorgie du Sud et les Îles Sandwich du Sud'),
(72, 242, 'FJ', 'FJI', 'Fiji', 'Fidji'),
(73, 246, 'FI', 'FIN', 'Finland', 'Finlande'),
(74, 248, 'AX', 'ALA', 'Åland Islands', 'Îles Åland'),
(75, 250, 'FR', 'FRA', 'France', 'France'),
(76, 254, 'GF', 'GUF', 'French Guiana', 'Guyane Française'),
(77, 258, 'PF', 'PYF', 'French Polynesia', 'Polynésie Française'),
(78, 260, 'TF', 'ATF', 'French Southern Territories', 'Terres Australes Françaises'),
(79, 262, 'DJ', 'DJI', 'Djibouti', 'Djibouti'),
(80, 266, 'GA', 'GAB', 'Gabon', 'Gabon'),
(81, 268, 'GE', 'GEO', 'Georgia', 'Géorgie'),
(82, 270, 'GM', 'GMB', 'Gambia', 'Gambie'),
(83, 275, 'PS', 'PSE', 'Occupied Palestinian Territory', 'Territoire Palestinien Occupé'),
(84, 276, 'DE', 'DEU', 'Germany', 'Allemagne'),
(85, 288, 'GH', 'GHA', 'Ghana', 'Ghana'),
(86, 292, 'GI', 'GIB', 'Gibraltar', 'Gibraltar'),
(87, 296, 'KI', 'KIR', 'Kiribati', 'Kiribati'),
(88, 300, 'GR', 'GRC', 'Greece', 'Grèce'),
(89, 304, 'GL', 'GRL', 'Greenland', 'Groenland'),
(90, 308, 'GD', 'GRD', 'Grenada', 'Grenade'),
(91, 312, 'GP', 'GLP', 'Guadeloupe', 'Guadeloupe'),
(92, 316, 'GU', 'GUM', 'Guam', 'Guam'),
(93, 320, 'GT', 'GTM', 'Guatemala', 'Guatemala'),
(94, 324, 'GN', 'GIN', 'Guinea', 'Guinée'),
(95, 328, 'GY', 'GUY', 'Guyana', 'Guyana'),
(96, 332, 'HT', 'HTI', 'Haiti', 'Haïti'),
(97, 334, 'HM', 'HMD', 'Heard Island and McDonald Islands', 'Îles Heard et Mcdonald'),
(98, 336, 'VA', 'VAT', 'Vatican City State', 'Saint-Siège (état de la Cité du Vatican)'),
(99, 340, 'HN', 'HND', 'Honduras', 'Honduras'),
(100, 344, 'HK', 'HKG', 'Hong Kong', 'Hong-Kong'),
(101, 348, 'HU', 'HUN', 'Hungary', 'Hongrie'),
(102, 352, 'IS', 'ISL', 'Iceland', 'Islande'),
(103, 356, 'IN', 'IND', 'India', 'Inde'),
(104, 360, 'ID', 'IDN', 'Indonesia', 'Indonésie'),
(105, 364, 'IR', 'IRN', 'Islamic Republic of Iran', 'République Islamique d''Iran'),
(106, 368, 'IQ', 'IRQ', 'Iraq', 'Iraq'),
(107, 372, 'IE', 'IRL', 'Ireland', 'Irlande'),
(108, 376, 'IL', 'ISR', 'Israel', 'Israël'),
(109, 380, 'IT', 'ITA', 'Italy', 'Italie'),
(110, 384, 'CI', 'CIV', 'Côte d''Ivoire', 'Côte d''Ivoire'),
(111, 388, 'JM', 'JAM', 'Jamaica', 'Jamaïque'),
(112, 392, 'JP', 'JPN', 'Japan', 'Japon'),
(113, 398, 'KZ', 'KAZ', 'Kazakhstan', 'Kazakhstan'),
(114, 400, 'JO', 'JOR', 'Jordan', 'Jordanie'),
(115, 404, 'KE', 'KEN', 'Kenya', 'Kenya'),
(116, 408, 'KP', 'PRK', 'Democratic People''s Republic of Korea', 'République Populaire Démocratique de Corée'),
(117, 410, 'KR', 'KOR', 'Republic of Korea', 'République de Corée'),
(118, 414, 'KW', 'KWT', 'Kuwait', 'Koweït'),
(119, 417, 'KG', 'KGZ', 'Kyrgyzstan', 'Kirghizistan'),
(120, 418, 'LA', 'LAO', 'Lao People''s Democratic Republic', 'République Démocratique Populaire Lao'),
(121, 422, 'LB', 'LBN', 'Lebanon', 'Liban'),
(122, 426, 'LS', 'LSO', 'Lesotho', 'Lesotho'),
(123, 428, 'LV', 'LVA', 'Latvia', 'Lettonie'),
(124, 430, 'LR', 'LBR', 'Liberia', 'Libéria'),
(125, 434, 'LY', 'LBY', 'Libyan Arab Jamahiriya', 'Jamahiriya Arabe Libyenne'),
(126, 438, 'LI', 'LIE', 'Liechtenstein', 'Liechtenstein'),
(127, 440, 'LT', 'LTU', 'Lithuania', 'Lituanie'),
(128, 442, 'LU', 'LUX', 'Luxembourg', 'Luxembourg'),
(129, 446, 'MO', 'MAC', 'Macao', 'Macao'),
(130, 450, 'MG', 'MDG', 'Madagascar', 'Madagascar'),
(131, 454, 'MW', 'MWI', 'Malawi', 'Malawi'),
(132, 458, 'MY', 'MYS', 'Malaysia', 'Malaisie'),
(133, 462, 'MV', 'MDV', 'Maldives', 'Maldives'),
(134, 466, 'ML', 'MLI', 'Mali', 'Mali'),
(135, 470, 'MT', 'MLT', 'Malta', 'Malte'),
(136, 474, 'MQ', 'MTQ', 'Martinique', 'Martinique'),
(137, 478, 'MR', 'MRT', 'Mauritania', 'Mauritanie'),
(138, 480, 'MU', 'MUS', 'Mauritius', 'Maurice'),
(139, 484, 'MX', 'MEX', 'Mexico', 'Mexique'),
(140, 492, 'MC', 'MCO', 'Monaco', 'Monaco'),
(141, 496, 'MN', 'MNG', 'Mongolia', 'Mongolie'),
(142, 498, 'MD', 'MDA', 'Republic of Moldova', 'République de Moldova'),
(143, 500, 'MS', 'MSR', 'Montserrat', 'Montserrat'),
(144, 504, 'MA', 'MAR', 'Morocco', 'Maroc'),
(145, 508, 'MZ', 'MOZ', 'Mozambique', 'Mozambique'),
(146, 512, 'OM', 'OMN', 'Oman', 'Oman'),
(147, 516, 'NA', 'NAM', 'Namibia', 'Namibie'),
(148, 520, 'NR', 'NRU', 'Nauru', 'Nauru'),
(149, 524, 'NP', 'NPL', 'Nepal', 'Népal'),
(150, 528, 'NL', 'NLD', 'Netherlands', 'Pays-Bas'),
(151, 530, 'AN', 'ANT', 'Netherlands Antilles', 'Antilles Néerlandaises'),
(152, 533, 'AW', 'ABW', 'Aruba', 'Aruba'),
(153, 540, 'NC', 'NCL', 'New Caledonia', 'Nouvelle-Calédonie'),
(154, 548, 'VU', 'VUT', 'Vanuatu', 'Vanuatu'),
(155, 554, 'NZ', 'NZL', 'New Zealand', 'Nouvelle-Zélande'),
(156, 558, 'NI', 'NIC', 'Nicaragua', 'Nicaragua'),
(157, 562, 'NE', 'NER', 'Niger', 'Niger'),
(158, 566, 'NG', 'NGA', 'Nigeria', 'Nigéria'),
(159, 570, 'NU', 'NIU', 'Niue', 'Niué'),
(160, 574, 'NF', 'NFK', 'Norfolk Island', 'Île Norfolk'),
(161, 578, 'NO', 'NOR', 'Norway', 'Norvège'),
(162, 580, 'MP', 'MNP', 'Northern Mariana Islands', 'Îles Mariannes du Nord'),
(163, 581, 'UM', 'UMI', 'United States Minor Outlying Islands', 'Îles Mineures Éloignées des États-Unis'),
(164, 583, 'FM', 'FSM', 'Federated States of Micronesia', 'États Fédérés de Micronésie'),
(165, 584, 'MH', 'MHL', 'Marshall Islands', 'Îles Marshall'),
(166, 585, 'PW', 'PLW', 'Palau', 'Palaos'),
(167, 586, 'PK', 'PAK', 'Pakistan', 'Pakistan'),
(168, 591, 'PA', 'PAN', 'Panama', 'Panama'),
(169, 598, 'PG', 'PNG', 'Papua New Guinea', 'Papouasie-Nouvelle-Guinée'),
(170, 600, 'PY', 'PRY', 'Paraguay', 'Paraguay'),
(171, 604, 'PE', 'PER', 'Peru', 'Pérou'),
(172, 608, 'PH', 'PHL', 'Philippines', 'Philippines'),
(173, 612, 'PN', 'PCN', 'Pitcairn', 'Pitcairn'),
(174, 616, 'PL', 'POL', 'Poland', 'Pologne'),
(175, 620, 'PT', 'PRT', 'Portugal', 'Portugal'),
(176, 624, 'GW', 'GNB', 'Guinea-Bissau', 'Guinée-Bissau'),
(177, 626, 'TL', 'TLS', 'Timor-Leste', 'Timor-Leste'),
(178, 630, 'PR', 'PRI', 'Puerto Rico', 'Porto Rico'),
(179, 634, 'QA', 'QAT', 'Qatar', 'Qatar'),
(180, 638, 'RE', 'REU', 'Réunion', 'Réunion'),
(181, 642, 'RO', 'ROU', 'Romania', 'Roumanie'),
(182, 643, 'RU', 'RUS', 'Russian Federation', 'Fédération de Russie'),
(183, 646, 'RW', 'RWA', 'Rwanda', 'Rwanda'),
(184, 654, 'SH', 'SHN', 'Saint Helena', 'Sainte-Hélène'),
(185, 659, 'KN', 'KNA', 'Saint Kitts and Nevis', 'Saint-Kitts-et-Nevis'),
(186, 660, 'AI', 'AIA', 'Anguilla', 'Anguilla'),
(187, 662, 'LC', 'LCA', 'Saint Lucia', 'Sainte-Lucie'),
(188, 666, 'PM', 'SPM', 'Saint-Pierre and Miquelon', 'Saint-Pierre-et-Miquelon'),
(189, 670, 'VC', 'VCT', 'Saint Vincent and the Grenadines', 'Saint-Vincent-et-les Grenadines'),
(190, 674, 'SM', 'SMR', 'San Marino', 'Saint-Marin'),
(191, 678, 'ST', 'STP', 'Sao Tome and Principe', 'Sao Tomé-et-Principe'),
(192, 682, 'SA', 'SAU', 'Saudi Arabia', 'Arabie Saoudite'),
(193, 686, 'SN', 'SEN', 'Senegal', 'Sénégal'),
(194, 690, 'SC', 'SYC', 'Seychelles', 'Seychelles'),
(195, 694, 'SL', 'SLE', 'Sierra Leone', 'Sierra Leone'),
(196, 702, 'SG', 'SGP', 'Singapore', 'Singapour'),
(197, 703, 'SK', 'SVK', 'Slovakia', 'Slovaquie'),
(198, 704, 'VN', 'VNM', 'Vietnam', 'Viet Nam'),
(199, 705, 'SI', 'SVN', 'Slovenia', 'Slovénie'),
(200, 706, 'SO', 'SOM', 'Somalia', 'Somalie'),
(201, 710, 'ZA', 'ZAF', 'South Africa', 'Afrique du Sud'),
(202, 716, 'ZW', 'ZWE', 'Zimbabwe', 'Zimbabwe'),
(203, 724, 'ES', 'ESP', 'Spain', 'Espagne'),
(204, 732, 'EH', 'ESH', 'Western Sahara', 'Sahara Occidental'),
(205, 736, 'SD', 'SDN', 'Sudan', 'Soudan'),
(206, 740, 'SR', 'SUR', 'Suriname', 'Suriname'),
(207, 744, 'SJ', 'SJM', 'Svalbard and Jan Mayen', 'Svalbard etÎle Jan Mayen'),
(208, 748, 'SZ', 'SWZ', 'Swaziland', 'Swaziland'),
(209, 752, 'SE', 'SWE', 'Sweden', 'Suède'),
(210, 756, 'CH', 'CHE', 'Switzerland', 'Suisse'),
(211, 760, 'SY', 'SYR', 'Syrian Arab Republic', 'République Arabe Syrienne'),
(212, 762, 'TJ', 'TJK', 'Tajikistan', 'Tadjikistan'),
(213, 764, 'TH', 'THA', 'Thailand', 'Thaïlande'),
(214, 768, 'TG', 'TGO', 'Togo', 'Togo'),
(215, 772, 'TK', 'TKL', 'Tokelau', 'Tokelau'),
(216, 776, 'TO', 'TON', 'Tonga', 'Tonga'),
(217, 780, 'TT', 'TTO', 'Trinidad and Tobago', 'Trinité-et-Tobago'),
(218, 784, 'AE', 'ARE', 'United Arab Emirates', 'Émirats Arabes Unis'),
(219, 788, 'TN', 'TUN', 'Tunisia', 'Tunisie'),
(220, 792, 'TR', 'TUR', 'Turkey', 'Turquie'),
(221, 795, 'TM', 'TKM', 'Turkmenistan', 'Turkménistan'),
(222, 796, 'TC', 'TCA', 'Turks and Caicos Islands', 'Îles Turks et Caïques'),
(223, 798, 'TV', 'TUV', 'Tuvalu', 'Tuvalu'),
(224, 800, 'UG', 'UGA', 'Uganda', 'Ouganda'),
(225, 804, 'UA', 'UKR', 'Ukraine', 'Ukraine'),
(226, 807, 'MK', 'MKD', 'The Former Yugoslav Republic of Macedonia', 'L''ex-République Yougoslave de Macédoine'),
(227, 818, 'EG', 'EGY', 'Egypt', 'Égypte'),
(228, 826, 'GB', 'GBR', 'United Kingdom', 'Royaume-Uni'),
(229, 833, 'IM', 'IMN', 'Isle of Man', 'Île de Man'),
(230, 834, 'TZ', 'TZA', 'United Republic Of Tanzania', 'République-Unie de Tanzanie'),
(231, 840, 'US', 'USA', 'United States', 'États-Unis'),
(232, 850, 'VI', 'VIR', 'U.S. Virgin Islands', 'Îles Vierges des États-Unis'),
(233, 854, 'BF', 'BFA', 'Burkina Faso', 'Burkina Faso'),
(234, 858, 'UY', 'URY', 'Uruguay', 'Uruguay'),
(235, 860, 'UZ', 'UZB', 'Uzbekistan', 'Ouzbékistan'),
(236, 862, 'VE', 'VEN', 'Venezuela', 'Venezuela'),
(237, 876, 'WF', 'WLF', 'Wallis and Futuna', 'Wallis et Futuna'),
(238, 882, 'WS', 'WSM', 'Samoa', 'Samoa'),
(239, 887, 'YE', 'YEM', 'Yemen', 'Yémen'),
(240, 891, 'CS', 'SCG', 'Serbia and Montenegro', 'Serbie-et-Monténégro'),
(241, 894, 'ZM', 'ZMB', 'Zambia', 'Zambie');

-- --------------------------------------------------------

--
-- Structure de la table `cexp_pieces`
--

CREATE TABLE IF NOT EXISTS `cexp_pieces` (
  `PiecesID` int(11) NOT NULL AUTO_INCREMENT,
  `Designation` varchar(250) CHARACTER SET utf8 NOT NULL,
  `Lenght` float NOT NULL,
  `Width` float NOT NULL,
  `Height` float NOT NULL,
  `Weight` float NOT NULL,
  `PacketID` int(11) NOT NULL,
  `Amount` double NOT NULL,
  `CollectionsetupID` int(11) NOT NULL,
  PRIMARY KEY (`PiecesID`)
) ENGINE=MyISAM  DEFAULT CHARSET=utf8 COLLATE=utf8_unicode_ci AUTO_INCREMENT=508 ;

--
-- Contenu de la table `cexp_pieces`
--

INSERT INTO `cexp_pieces` (`PiecesID`, `Designation`, `Lenght`, `Width`, `Height`, `Weight`, `PacketID`, `Amount`, `CollectionsetupID`) VALUES
(1, 'Caisse bonbon', 3.09, 2.45, 2.34, 0, 2, 13.37, 2),
(2, 'Boite peinture', 3.09, 2.45, 2.34, 0, 2, 13.37, 2),
(3, 'Caisse bonbon', 3.09, 2.45, 2.34, 0, 3, 13.37, 2),
(4, 'Boite peinture', 3.09, 2.45, 2.34, 0, 3, 13.37, 2),
(5, 'Produit netoyant', 3.09, 2.45, 2.4, 0, 3, 13.37, 2),
(6, 'Ordinateur portable', 0, 0, 0, 9, 4, 90, 3),
(7, 'Ordinateur portable', 0, 0, 0, 9, 4, 90, 3),
(8, '', 0, 0, 0, 0, 7, 90, 3),
(9, '', 0, 0, 0, 0, 7, 90, 3),
(10, '', 0, 0, 0, 0, 7, 90, 3),
(11, 'Ordinateur portable', 0, 0, 0, 9, 8, 90, 3),
(12, 'Ordinateur portable', 0, 0, 0, 9, 8, 90, 3),
(13, 'Ordinateur portable', 0, 0, 0, 9, 8, 90, 3),
(14, 'Congélateur', 0, 0, 0, 9, 9, 99.999999, 5),
(15, 'Valise habile', 0, 0, 0, 9, 9, 45.89, 4),
(16, 'Congélateur', 0, 0, 0, 9, 10, 99.999999, 5),
(17, 'Valise habile', 0, 0, 0, 9, 10, 45.89, 4),
(18, 'Congélateur', 0, 0, 0, 9, 11, 99.999999, 5),
(19, 'Valise habile', 0, 0, 0, 9, 11, 45.89, 4),
(20, 'Congélateur', 0, 0, 0, 9, 12, 99.999999, 5),
(21, 'Valise habile', 0, 0, 0, 9, 12, 45.89, 4),
(22, 'Congélateur', 0, 0, 0, 9, 13, 99.999999, 5),
(23, 'Valise habile', 0, 0, 0, 9, 13, 45.89, 4),
(24, 'Congélateur', 0, 0, 0, 9, 14, 99.999999, 5),
(25, 'Valise habile', 0, 0, 0, 9, 14, 45.89, 4),
(26, 'Congélateur', 0, 0, 0, 9, 15, 99.999999, 7),
(27, 'Valise habile', 0, 0, 0, 9, 15, 45.89, 4),
(28, 'Ordinateur portable', 0, 0, 0, 9, 15, 90, 3),
(29, 'Ballon vêtements', 2.07, 2.7, 2.05, 4.5, 24, 0, 0),
(30, 'Congélateur', 0, 0, 0, 9, 24, 99.999999, 7),
(31, 'Ordinateur portable', 0, 0, 0, 9, 24, 90, 3),
(32, 'Valise habile', 0, 0, 0, 9, 24, 45.89, 4),
(33, 'Ballon vêtements', 2.07, 2.7, 2.05, 4.5, 26, 0, 0),
(34, 'Congélateur', 0, 0, 0, 9, 26, 99.999999, 7),
(35, 'Ordinateur portable', 0, 0, 0, 9, 26, 90, 3),
(36, 'Valise habile', 0, 0, 0, 9, 26, 45.89, 4),
(37, 'Ballon vêtements', 2.07, 2.7, 2.05, 4.5, 27, 0, 0),
(38, 'Congélateur', 0, 0, 0, 9, 27, 99.999999, 7),
(39, 'Ordinateur portable', 0, 0, 0, 9, 27, 90, 3),
(40, 'Valise habile', 0, 0, 0, 9, 27, 45.89, 4),
(41, 'Ballon vêtements', 2.07, 2.7, 2.05, 4.5, 28, 0, 0),
(42, 'Congélateur', 0, 0, 0, 9, 28, 99.999999, 7),
(43, 'Ordinateur portable', 0, 0, 0, 9, 28, 90, 3),
(44, 'Valise habile', 0, 0, 0, 9, 28, 45.89, 4),
(45, 'Ballon vêtements', 2.07, 2.7, 2.05, 4.5, 29, 0, 0),
(46, 'Congélateur', 0, 0, 0, 9, 29, 99.999999, 7),
(47, 'Ordinateur portable', 0, 0, 0, 9, 29, 90, 3),
(48, 'Valise habile', 0, 0, 0, 9, 29, 45.89, 4),
(49, 'Ballon vêtements', 2.07, 2.7, 2.05, 4.5, 30, 13.37, 2),
(50, 'Congélateur', 0, 0, 0, 9, 30, 99.999999, 7),
(51, 'Ordinateur portable', 0, 0, 0, 9, 30, 90, 3),
(52, 'Valise habile', 0, 0, 0, 9, 30, 45.89, 4),
(53, 'Congélateur', 0, 0, 0, 9, 31, 99.999999, 7),
(54, 'Valise habile', 0, 0, 0, 9, 31, 45.89, 4),
(55, 'Ordinateur portable', 0, 0, 0, 9, 31, 90, 3),
(56, 'Bibliothèque', 2.08, 2.78, 3, 14.675, 31, 13.37, 2),
(57, 'Congélateur', 0, 0, 0, 9, 34, 99.999999, 7),
(58, 'Congélateur', 0, 0, 0, 9, 38, 99.999999, 7),
(59, 'Ordinateur portable', 0, 0, 0, 9, 38, 90, 3),
(60, 'Valise habile', 0, 0, 0, 9, 38, 45.89, 4),
(61, 'Sac chargeur telephone', 2.07, 2.7, 2.89, 4.98, 38, 13.37, 2),
(62, 'Congélateur', 0, 0, 0, 9, 39, 99.999999, 7),
(63, 'Ordinateur portable', 0, 0, 0, 9, 39, 90, 3),
(64, 'Valise habile', 0, 0, 0, 9, 39, 45.89, 4),
(65, 'Sac chargeur telephone', 2.07, 2.7, 2.89, 4.98, 39, 13.37, 2),
(66, 'Congélateur', 0, 0, 0, 9, 40, 99.999999, 7),
(67, 'Ordinateur portable', 0, 0, 0, 9, 40, 90, 3),
(68, 'Congélateur', 0, 0, 0, 9, 41, 99.999999, 7),
(69, 'Ordinateur portable', 0, 0, 0, 9, 41, 90, 3),
(70, 'Congélateur', 0, 0, 0, 9, 42, 99.999999, 7),
(71, 'Congélateur', 0, 0, 0, 9, 43, 99.999999, 7),
(72, 'Congélateur', 0, 0, 0, 9, 44, 99.999999, 7),
(73, 'Congélateur', 0, 0, 0, 9, 45, 99.999999, 7),
(74, 'Congélateur', 0, 0, 0, 9, 46, 99.999999, 7),
(75, 'Congélateur', 0, 0, 0, 9, 47, 99.999999, 7),
(76, 'Congélateur', 0, 0, 0, 9, 48, 99.999999, 7),
(77, 'Congélateur', 0, 0, 0, 9, 49, 99.999999, 7),
(78, 'Congélateur', 0, 0, 0, 9, 50, 99.999999, 7),
(79, 'Congélateur', 0, 0, 0, 9, 51, 99.999999, 7),
(80, 'Congélateur', 0, 0, 0, 9, 52, 99.999999, 7),
(81, 'Congélateur', 0, 0, 0, 9, 53, 99.999999, 7),
(82, 'Congélateur', 0, 0, 0, 9, 54, 99.999999, 7),
(83, 'Ordinateur portable', 0, 0, 0, 9, 54, 90, 3),
(84, 'Valise habile', 0, 0, 0, 9, 54, 45.89, 4),
(85, 'Congélateur', 0, 0, 0, 9, 55, 99.999999, 7),
(86, 'Ordinateur portable', 0, 0, 0, 9, 55, 90, 3),
(87, 'Valise habile', 0, 0, 0, 9, 55, 45.89, 4),
(88, 'Congélateur', 0, 0, 0, 9, 56, 123.89, 7),
(89, 'Ordinateur portable', 0, 0, 0, 9, 56, 90, 3),
(90, 'Valise habile', 0, 0, 0, 9, 56, 45.89, 4),
(91, 'Congélateur', 0, 0, 0, 9, 57, 123.89, 7),
(92, 'Ordinateur portable', 0, 0, 0, 9, 57, 90, 3),
(93, 'Valise habile', 0, 0, 0, 9, 57, 45.89, 4),
(94, 'Congélateur', 0, 0, 0, 9, 58, 123.89, 7),
(95, 'Ordinateur portable', 0, 0, 0, 9, 58, 90, 3),
(96, 'Valise habile', 0, 0, 0, 9, 58, 45.89, 4),
(97, 'Congélateur', 0, 0, 0, 9, 59, 123.89, 7),
(98, 'Ordinateur portable', 0, 0, 0, 9, 59, 90, 3),
(99, 'Valise habile', 0, 0, 0, 9, 59, 45.89, 4),
(100, 'Congélateur', 0, 0, 0, 9, 60, 123.89, 7),
(101, 'Ordinateur portable', 0, 0, 0, 9, 60, 90, 3),
(102, 'Valise habile', 0, 0, 0, 9, 60, 45.89, 4),
(103, 'Ordinateur portable', 0, 0, 0, 9, 61, 90, 3),
(104, 'Congélateur', 0, 0, 0, 9, 61, 123.89, 7),
(105, 'Valise habile', 0, 0, 0, 9, 61, 45.89, 4),
(106, 'Congélateur', 0, 0, 0, 9, 62, 123.89, 7),
(107, 'Ordinateur portable', 0, 0, 0, 9, 62, 90, 3),
(108, 'Valise habile', 0, 0, 0, 9, 62, 45.89, 4),
(109, 'Congélateur', 0, 0, 0, 9, 63, 123.89, 7),
(110, 'Ordinateur portable', 0, 0, 0, 9, 63, 90, 3),
(111, 'Valise habile', 0, 0, 0, 9, 63, 45.89, 4),
(112, 'Congélateur', 0, 0, 0, 9, 64, 123.89, 7),
(113, 'Ordinateur portable', 0, 0, 0, 9, 64, 90, 3),
(114, 'Valise habile', 0, 0, 0, 9, 64, 45.89, 4),
(115, 'Congélateur', 0, 0, 0, 9, 65, 123.89, 7),
(116, 'Ordinateur portable', 0, 0, 0, 9, 65, 90, 3),
(117, 'Valise habile', 0, 0, 0, 9, 65, 45.89, 4),
(118, 'Congélateur', 0, 0, 0, 9, 66, 123.89, 7),
(119, 'Ordinateur portable', 0, 0, 0, 9, 66, 90, 3),
(120, 'Valise habile', 0, 0, 0, 9, 66, 45.89, 4),
(121, 'Congélateur', 0, 0, 0, 9, 67, 123.89, 7),
(122, 'Ordinateur portable', 0, 0, 0, 9, 67, 90, 3),
(123, 'Valise habile', 0, 0, 0, 9, 67, 45.89, 4),
(124, 'Congélateur', 0, 0, 0, 9, 69, 123.89, 7),
(125, 'Ordinateur portable', 0, 0, 0, 9, 69, 90, 3),
(126, 'Valise habile', 0, 0, 0, 9, 69, 45.89, 4),
(127, 'Congélateur', 0, 0, 0, 9, 70, 123.89, 7),
(128, 'Ordinateur portable', 0, 0, 0, 9, 70, 90, 3),
(129, 'Valise habile', 0, 0, 0, 9, 70, 45.89, 4),
(130, 'Congélateur', 0, 0, 0, 9, 71, 123.89, 7),
(131, 'Ordinateur portable', 0, 0, 0, 9, 71, 90, 3),
(132, 'Valise habile', 0, 0, 0, 9, 71, 45.89, 4),
(133, 'Ordinateur portable', 0, 0, 0, 9, 72, 90, 3),
(134, 'Congélateur', 0, 0, 0, 9, 72, 123.89, 7),
(135, 'Congélateur', 0, 0, 0, 9, 73, 123.89, 7),
(136, 'Valise habile', 0, 0, 0, 9, 73, 45.89, 4),
(137, 'Congélateur', 0, 0, 0, 9, 74, 123.89, 7),
(138, 'Valise habile', 0, 0, 0, 9, 74, 45.89, 4),
(139, 'Congélateur', 0, 0, 0, 9, 75, 123.89, 7),
(140, 'Valise habile', 0, 0, 0, 9, 75, 45.89, 4),
(141, 'Congélateur', 0, 0, 0, 9, 76, 123.89, 7),
(142, 'Valise habile', 0, 0, 0, 9, 76, 45.89, 4),
(143, 'Congélateur', 0, 0, 0, 9, 77, 123.89, 7),
(144, 'Valise habile', 0, 0, 0, 9, 79, 45.89, 4),
(145, 'Ordinateur portable', 0, 0, 0, 9, 79, 90, 3),
(146, 'Congélateur', 0, 0, 0, 9, 79, 123.89, 7),
(147, 'Valise habile', 0, 0, 0, 9, 80, 45.89, 4),
(148, 'Ordinateur portable', 0, 0, 0, 9, 80, 90, 3),
(149, 'Congélateur', 0, 0, 0, 9, 80, 123.89, 7),
(150, 'Ordinateur portable', 0, 0, 0, 9, 81, 90, 3),
(151, 'Congélateur', 0, 0, 0, 9, 81, 123.89, 7),
(152, 'Ordinateur portable', 0, 0, 0, 9, 82, 90, 3),
(153, '', 0, 0, 0, 0, 83, 0, 0),
(154, 'Ordinateur portable', 0, 0, 0, 9, 84, 90, 3),
(155, 'Ordinateur portable', 0, 0, 0, 9, 85, 90, 3),
(156, 'Valise habile', 0, 0, 0, 9, 85, 45.89, 4),
(157, 'Congélateur', 0, 0, 0, 9, 85, 123.89, 7),
(158, 'Caisse objet arts', 2.89, 2.08, 2.76, 2.89, 86, 13.37, 2),
(159, 'Congélateur', 0, 0, 0, 9, 87, 123.89, 7),
(160, 'Ordinateur portable', 0, 0, 0, 9, 87, 90, 3),
(161, 'Valise habile', 0, 0, 0, 9, 87, 45.89, 4),
(162, 'Congélateur', 0, 0, 0, 9, 88, 123.89, 7),
(163, 'Ordinateur portable', 0, 0, 0, 9, 88, 90, 3),
(164, 'Valise habile', 0, 0, 0, 9, 88, 45.89, 4),
(165, 'Ordinateur portable', 0, 0, 0, 9, 89, 90, 3),
(166, 'Ordinateur portable', 0, 0, 0, 9, 90, 90, 3),
(167, 'Valise habile', 0, 0, 0, 9, 90, 45.89, 4),
(168, 'Congélateur', 0, 0, 0, 9, 90, 123.89, 7),
(169, 'Ordinateur portable', 0, 0, 0, 9, 91, 90, 3),
(170, 'Congélateur', 0, 0, 0, 9, 91, 123.89, 7),
(171, 'Valise habile', 0, 0, 0, 9, 91, 45.89, 4),
(172, 'Congélateur', 0, 0, 0, 9, 92, 123.89, 7),
(173, 'Ordinateur portable', 0, 0, 0, 9, 92, 90, 3),
(174, 'Valise habile', 0, 0, 0, 9, 92, 45.89, 4),
(175, 'Ordinateur portable', 0, 0, 0, 9, 93, 90, 3),
(176, 'Valise habile', 0, 0, 0, 9, 93, 45.89, 4),
(177, 'Congélateur', 0, 0, 0, 9, 93, 123.89, 7),
(178, 'Congélateur', 0, 0, 0, 9, 94, 123.89, 7),
(179, 'Ordinateur portable', 0, 0, 0, 9, 94, 90, 3),
(180, 'Valise habile', 0, 0, 0, 9, 94, 45.89, 4),
(181, 'Congélateur', 0, 0, 0, 9, 95, 123.89, 7),
(182, 'Ordinateur portable', 0, 0, 0, 9, 95, 90, 3),
(183, 'Valise habile', 0, 0, 0, 9, 95, 45.89, 4),
(184, 'Ordinateur portable', 0, 0, 0, 9, 96, 90, 3),
(185, 'Valise habile', 0, 0, 0, 9, 96, 45.89, 4),
(186, 'Congélateur', 0, 0, 0, 9, 96, 123.89, 7),
(187, 'Congélateur', 0, 0, 0, 9, 97, 123.89, 7),
(188, 'Ordinateur portable', 0, 0, 0, 9, 97, 90, 3),
(189, 'Valise habile', 0, 0, 0, 9, 97, 45.89, 4),
(190, 'Ordinateur portable', 0, 0, 0, 9, 98, 90, 3),
(191, 'Congélateur', 0, 0, 0, 9, 98, 123.89, 7),
(192, 'Congélateur', 0, 0, 0, 9, 99, 123.89, 7),
(193, 'Ordinateur portable', 0, 0, 0, 9, 99, 90, 3),
(194, 'Valise habile', 0, 0, 0, 9, 99, 45.89, 4),
(195, 'Ordinateur portable', 0, 0, 0, 9, 100, 90, 3),
(196, 'Congélateur', 0, 0, 0, 9, 101, 123.89, 7),
(197, 'Ordinateur portable', 0, 0, 0, 9, 101, 90, 3),
(198, 'Ordinateur portable', 0, 0, 0, 9, 102, 90, 3),
(199, 'Congélateur', 0, 0, 0, 9, 102, 123.89, 7),
(200, 'Congélateur', 0, 0, 0, 9, 103, 123.89, 7),
(201, 'Ordinateur portable', 0, 0, 0, 9, 103, 90, 3),
(202, 'Valise habile', 0, 0, 0, 9, 103, 45.89, 4),
(203, 'Congélateur', 0, 0, 0, 9, 104, 123.89, 7),
(204, 'Ordinateur portable', 0, 0, 0, 9, 104, 90, 3),
(205, 'Ordinateur portable', 0, 0, 0, 9, 105, 90, 3),
(206, 'Congélateur', 0, 0, 0, 9, 105, 123.89, 7),
(207, 'Congélateur', 0, 0, 0, 9, 106, 123.89, 7),
(208, 'Contenaur objet art', 2.89, 2.09, 2.54, 2.89, 106, 13.37, 2),
(209, 'Patte de pomme', 2.34, 2.4, 2.78, 2.68, 106, 13.37, 2),
(210, 'Congélateur', 0, 0, 0, 9, 107, 123.89, 7),
(211, 'Ordinateur portable', 0, 0, 0, 9, 107, 90, 3),
(212, 'Ordinateur portable', 0, 0, 0, 9, 108, 90, 3),
(213, 'Congélateur', 0, 0, 0, 9, 108, 123.89, 7),
(214, 'Congélateur', 0, 0, 0, 9, 109, 123.89, 7),
(215, 'Ordinateur portable', 0, 0, 0, 9, 109, 90, 3),
(216, 'Valise habile', 0, 0, 0, 9, 109, 45.89, 4),
(217, 'Ordinateur portable', 0, 0, 0, 9, 110, 90, 3),
(218, 'Congélateur', 0, 0, 0, 9, 110, 123.89, 7),
(219, 'Valise habile', 0, 0, 0, 9, 110, 45.89, 4),
(220, 'Congélateur', 0, 0, 0, 9, 111, 123.89, 7),
(221, 'Ordinateur portable', 0, 0, 0, 9, 111, 90, 3),
(222, 'Valise habile', 0, 0, 0, 9, 111, 45.89, 4),
(223, 'Congélateur', 0, 0, 0, 9, 112, 123.89, 7),
(224, 'Ordinateur portable', 0, 0, 0, 9, 112, 90, 3),
(225, 'Valise habile', 0, 0, 0, 9, 112, 45.89, 4),
(226, 'Congélateur', 0, 0, 0, 9, 113, 123.89, 7),
(227, 'Ordinateur portable', 0, 0, 0, 9, 113, 90, 3),
(228, 'Valise habile', 0, 0, 0, 9, 113, 45.89, 4),
(229, 'Congélateur', 0, 0, 0, 9, 114, 123.89, 7),
(230, 'Ordinateur portable', 0, 0, 0, 9, 114, 90, 3),
(231, 'Valise habile', 0, 0, 0, 9, 114, 45.89, 4),
(232, 'Congélateur', 0, 0, 0, 9, 115, 123.89, 7),
(233, 'Conteneur objet art', 2.56, 2.08, 2.65, 2.89, 115, 13.37, 2),
(234, 'Congélateur', 0, 0, 0, 9, 116, 123.89, 7),
(235, 'Conteneur objet de valeur', 2.67, 2.34, 2.89, 2.78, 116, 13.37, 2),
(236, 'Ordinateur portable', 0, 0, 0, 9, 117, 90, 3),
(237, 'Congélateur', 0, 0, 0, 9, 118, 123.89, 7),
(238, 'Ordinateur portable', 0, 0, 0, 9, 118, 90, 3),
(239, 'Valise habile', 0, 0, 0, 9, 118, 45.89, 4),
(240, 'Congélateur', 0, 0, 0, 9, 119, 123.89, 7),
(241, 'Valise habile', 0, 0, 0, 9, 119, 45.89, 4),
(242, 'Valise habile', 0, 0, 0, 9, 119, 45.89, 4),
(243, 'Ordinateur portable', 0, 0, 0, 9, 120, 90, 3),
(244, 'Congélateur', 0, 0, 0, 9, 120, 123.89, 7),
(245, 'Congélateur', 0, 0, 0, 9, 121, 123.89, 7),
(246, 'Ordinateur portable', 0, 0, 0, 9, 121, 90, 3),
(247, 'Congélateur', 0, 0, 0, 9, 122, 123.89, 7),
(248, 'Ordinateur portable', 0, 0, 0, 9, 122, 90, 3),
(249, 'Valise habile', 0, 0, 0, 9, 122, 45.89, 4),
(250, 'Congélateur', 0, 0, 0, 9, 123, 123.89, 7),
(251, 'Ordinateur portable', 0, 0, 0, 9, 123, 90, 3),
(252, 'Congélateur', 0, 0, 0, 9, 124, 123.89, 7),
(253, 'Ordinateur portable', 0, 0, 0, 9, 124, 90, 3),
(254, 'Valise habile', 0, 0, 0, 9, 124, 45.89, 4),
(255, 'Congélateur', 0, 0, 0, 9, 125, 123.89, 7),
(256, 'Ordinateur portable', 0, 0, 0, 9, 125, 90, 3),
(257, 'Valise habile', 0, 0, 0, 9, 125, 45.89, 4),
(258, 'Congélateur', 0, 0, 0, 9, 126, 123.89, 7),
(259, 'Ordinateur portable', 0, 0, 0, 9, 126, 90, 3),
(260, 'Valise habile', 0, 0, 0, 9, 126, 45.89, 4),
(261, 'Congélateur', 0, 0, 0, 9, 127, 123.89, 7),
(262, 'Ordinateur portable', 0, 0, 0, 9, 127, 90, 3),
(263, 'Valise habile', 0, 0, 0, 9, 127, 45.89, 4),
(264, 'Congélateur', 0, 0, 0, 9, 128, 123.89, 7),
(265, 'Ordinateur portable', 0, 0, 0, 9, 128, 90, 3),
(266, 'Valise habile', 0, 0, 0, 9, 128, 45.89, 4),
(267, 'Congélateur', 0, 0, 0, 9, 129, 123.89, 7),
(268, 'Ordinateur portable', 0, 0, 0, 9, 129, 90, 3),
(269, 'Valise habile', 0, 0, 0, 9, 129, 45.89, 4),
(270, 'Congélateur', 0, 0, 0, 9, 133, 123.89, 7),
(271, 'Ordinateur portable', 0, 0, 0, 9, 133, 90, 3),
(272, 'Valise habile', 0, 0, 0, 9, 133, 45.89, 4),
(273, 'Congélateur', 0, 0, 0, 9, 134, 123.89, 7),
(274, 'Ordinateur portable', 0, 0, 0, 9, 134, 90, 3),
(275, 'Valise habile', 0, 0, 0, 9, 134, 45.89, 4),
(276, 'Congélateur', 0, 0, 0, 9, 135, 123.89, 7),
(277, 'Ordinateur portable', 0, 0, 0, 9, 135, 90, 3),
(278, 'Valise habile', 0, 0, 0, 9, 135, 45.89, 4),
(279, 'Congélateur', 0, 0, 0, 9, 136, 123.89, 7),
(280, 'Valise habile', 0, 0, 0, 9, 136, 45.89, 4),
(281, 'Ordinateur portable', 0, 0, 0, 9, 136, 90, 3),
(282, 'Congélateur', 0, 0, 0, 9, 137, 123.89, 7),
(283, 'Ordinateur portable', 0, 0, 0, 9, 137, 90, 3),
(284, 'Valise habile', 0, 0, 0, 9, 137, 45.89, 4),
(285, 'Congélateur', 0, 0, 0, 9, 138, 123.89, 7),
(286, 'Congélateur', 0, 0, 0, 9, 139, 123.89, 7),
(287, 'Ordinateur portable', 0, 0, 0, 9, 139, 90, 3),
(288, 'Valise habile', 0, 0, 0, 9, 139, 45.89, 4),
(289, 'Congélateur', 0, 0, 0, 9, 140, 123.89, 7),
(290, 'Ordinateur portable', 0, 0, 0, 9, 140, 90, 3),
(291, 'Valise habile', 0, 0, 0, 9, 140, 45.89, 4),
(292, 'Congélateur', 0, 0, 0, 9, 141, 123.89, 7),
(293, 'Ordinateur portable', 0, 0, 0, 9, 141, 90, 3),
(294, 'Valise habile', 0, 0, 0, 9, 141, 45.89, 4),
(295, 'Congélateur', 0, 0, 0, 9, 142, 123.89, 7),
(296, 'Ordinateur portable', 0, 0, 0, 9, 142, 90, 3),
(297, 'Valise habile', 0, 0, 0, 9, 142, 45.89, 4),
(298, 'Congélateur', 0, 0, 0, 9, 143, 123.89, 7),
(299, 'Ordinateur portable', 0, 0, 0, 9, 143, 90, 3),
(300, 'Valise habile', 0, 0, 0, 9, 143, 45.89, 4),
(301, 'Congélateur', 0, 0, 0, 9, 144, 123.89, 7),
(302, 'Ordinateur portable', 0, 0, 0, 9, 144, 90, 3),
(303, 'Valise habile', 0, 0, 0, 9, 144, 45.89, 4),
(304, 'Congélateur', 0, 0, 0, 9, 145, 123.89, 7),
(305, 'Ordinateur portable', 0, 0, 0, 9, 145, 90, 3),
(306, 'Valise habile', 0, 0, 0, 9, 145, 45.89, 4),
(307, 'Congélateur', 0, 0, 0, 9, 146, 123.89, 7),
(308, 'Ordinateur portable', 0, 0, 0, 9, 146, 90, 3),
(309, 'Valise habile', 0, 0, 0, 9, 146, 45.89, 4),
(310, 'Congélateur', 0, 0, 0, 9, 147, 123.89, 7),
(311, 'Ordinateur portable', 0, 0, 0, 9, 147, 90, 3),
(312, 'Valise habile', 0, 0, 0, 9, 147, 45.89, 4),
(313, 'Congélateur', 0, 0, 0, 9, 148, 123.89, 7),
(314, 'Ordinateur portable', 0, 0, 0, 9, 148, 90, 3),
(315, 'Valise habile', 0, 0, 0, 9, 148, 45.89, 4),
(316, 'Congélateur', 0, 0, 0, 9, 149, 123.89, 7),
(317, 'Ordinateur portable', 0, 0, 0, 9, 149, 90, 3),
(318, 'Valise habile', 0, 0, 0, 9, 149, 45.89, 4),
(319, 'Congélateur', 0, 0, 0, 9, 150, 123.89, 7),
(320, 'Caisse objet antiquité', 2.09, 2.78, 2.05, 2.89, 150, 13.37, 2),
(321, 'Valise habile', 0, 0, 0, 9, 150, 45.89, 4),
(322, 'Ordinateur portable', 0, 0, 0, 9, 150, 90, 3),
(323, 'Congélateur', 0, 0, 0, 9, 151, 123.89, 7),
(324, 'Ordinateur portable', 0, 0, 0, 9, 151, 90, 3),
(325, 'Valise habile', 0, 0, 0, 9, 151, 45.89, 4),
(326, 'Sac de chaussure', 2.08, 2.89, 2.98, 2.78, 151, 13.37, 2),
(327, 'Congélateur', 0, 0, 0, 9, 152, 123.89, 7),
(328, 'Ordinateur portable', 0, 0, 0, 9, 152, 90, 3),
(329, 'Valise habile', 0, 0, 0, 9, 152, 45.89, 4),
(330, 'Congélateur', 0, 0, 0, 9, 153, 123.89, 7),
(331, 'Valise habile', 0, 0, 0, 9, 153, 45.89, 4),
(332, 'Ordinateur portable', 0, 0, 0, 9, 153, 90, 3),
(333, 'Congélateur', 0, 0, 0, 9, 154, 123.89, 7),
(334, 'Congélateur', 0, 0, 0, 9, 155, 123.89, 7),
(335, 'Ordinateur portable', 0, 0, 0, 9, 155, 90, 3),
(336, 'Valise habile', 0, 0, 0, 9, 155, 45.89, 4),
(337, 'Congélateur', 0, 0, 0, 9, 156, 123.89, 7),
(338, 'Ordinateur portable', 0, 0, 0, 9, 156, 90, 3),
(339, 'Valise habile', 0, 0, 0, 9, 156, 45.89, 4),
(340, 'Congélateur', 0, 0, 0, 9, 157, 123.89, 7),
(341, 'Ordinateur portable', 0, 0, 0, 9, 157, 90, 3),
(342, 'Valise habile', 0, 0, 0, 9, 157, 45.89, 4),
(343, 'Congélateur', 0, 0, 0, 9, 158, 123.89, 7),
(344, 'Ordinateur portable', 0, 0, 0, 9, 158, 90, 3),
(345, 'Objet important', 2.67, 2.08, 2.98, 2.89, 158, 13.37, 2),
(346, '', 0, 0, 0, 0, 159, 0, 0),
(347, '', 0, 0, 0, 0, 160, 0, 0),
(348, '', 0, 0, 0, 0, 161, 0, 0),
(349, '', 0, 0, 0, 0, 162, 0, 0),
(350, '', 0, 0, 0, 0, 163, 0, 0),
(351, '', 0, 0, 0, 0, 164, 0, 0),
(352, '', 0, 0, 0, 0, 165, 0, 0),
(353, '', 0, 0, 0, 0, 166, 0, 0),
(354, '', 0, 0, 0, 0, 167, 0, 0),
(355, 'Congélateur', 0, 0, 0, 9, 168, 123.89, 7),
(356, 'Congélateur', 0, 0, 0, 9, 169, 123.89, 7),
(357, 'Congélateur', 0, 0, 0, 9, 170, 123.89, 7),
(358, 'Caisse vin rouge', 1.99, 2.89, 2.08, 2.9, 170, 13.37, 2),
(359, 'Ordinateur portable', 0, 0, 0, 9, 170, 90, 3),
(360, 'Valise habile', 0, 0, 0, 9, 170, 45.89, 4),
(361, 'Congélateur', 0, 0, 0, 9, 171, 123.89, 7),
(362, 'Ordinateur portable', 0, 0, 0, 9, 171, 90, 3),
(363, 'Valise habile', 0, 0, 0, 9, 171, 45.89, 4),
(364, 'Congélateur', 0, 0, 0, 9, 172, 123.89, 7),
(365, 'Ordinateur portable', 0, 0, 0, 9, 173, 90, 3),
(366, 'Ordinateur portable', 0, 0, 0, 9, 174, 90, 3),
(367, 'Congélateur', 0, 0, 0, 9, 175, 123.89, 7),
(368, 'Ordinateur portable', 0, 0, 0, 9, 176, 90, 3),
(369, 'Ordinateur portable', 0, 0, 0, 9, 176, 90, 3),
(370, 'Valise habile', 0, 0, 0, 9, 176, 45.89, 4),
(371, 'Caisse objet collection', 2.09, 2.99, 2.76, 2.89, 177, 13.37, 2),
(372, 'Congélateur', 0, 0, 0, 9, 177, 123.89, 7),
(373, 'Ordinateur portable', 0, 0, 0, 9, 177, 90, 3),
(374, 'Valise habile', 0, 0, 0, 9, 177, 45.89, 4),
(375, 'Congélateur', 0, 0, 0, 9, 178, 123.89, 7),
(376, 'Ordinateur portable', 0, 0, 0, 9, 178, 90, 3),
(377, 'Congélateur', 0, 0, 0, 9, 179, 123.89, 7),
(378, 'Ordinateur portable', 0, 0, 0, 9, 179, 90, 3),
(379, 'Congélateur', 0, 0, 0, 9, 180, 123.89, 7),
(380, 'Ordinateur portable', 0, 0, 0, 9, 180, 90, 3),
(381, 'Valise habile', 0, 0, 0, 9, 180, 45.89, 4),
(382, 'Congélateur', 0, 0, 0, 9, 181, 123.89, 7),
(383, 'Ordinateur portable', 0, 0, 0, 9, 182, 90, 3),
(384, 'Congélateur', 0, 0, 0, 9, 182, 123.89, 7),
(385, 'Congélateur', 0, 0, 0, 9, 183, 123.89, 7),
(386, 'Ordinateur portable', 0, 0, 0, 9, 183, 90, 3),
(387, 'Valise habile', 0, 0, 0, 9, 183, 45.89, 4),
(388, 'Ordinateur portable', 0, 0, 0, 9, 184, 90, 3),
(389, 'Congélateur', 0, 0, 0, 9, 184, 123.89, 7),
(390, 'Congélateur', 0, 0, 0, 9, 185, 123.89, 7),
(391, 'Ordinateur portable', 0, 0, 0, 9, 185, 90, 3),
(392, 'Valise habile', 0, 0, 0, 9, 185, 45.89, 4),
(393, 'Ordinateur portable', 0, 0, 0, 9, 186, 90, 3),
(394, 'Congélateur', 0, 0, 0, 9, 187, 123.89, 7),
(395, 'Congélateur', 0, 0, 0, 9, 188, 123.89, 7),
(396, 'Ordinateur portable', 0, 0, 0, 9, 188, 90, 3),
(397, 'Valise habile', 0, 0, 0, 9, 188, 45.89, 4),
(398, 'Caisse objet arts', 2.76, 2.07, 2.56, 2.98, 189, 13.37, 2),
(399, 'Congélateur', 0, 0, 0, 9, 189, 123.89, 7),
(400, 'Ordinateur portable', 0, 0, 0, 9, 189, 90, 3),
(401, 'Valise habile', 0, 0, 0, 9, 189, 45.89, 4),
(402, 'Congélateur', 0, 0, 0, 9, 190, 123.89, 7),
(403, 'Ordinateur portable', 0, 0, 0, 9, 190, 90, 3),
(404, 'Congélateur', 0, 0, 0, 9, 191, 123.89, 7),
(405, 'Ordinateur portable', 0, 0, 0, 9, 191, 90, 3),
(406, 'Valise habile', 0, 0, 0, 9, 191, 45.89, 4),
(407, 'Ordinateur portable', 0, 0, 0, 9, 192, 90, 3),
(408, 'Congélateur', 0, 0, 0, 9, 193, 123.89, 7),
(409, 'Ordinateur portable', 0, 0, 0, 9, 193, 90, 3),
(410, 'Congélateur', 0, 0, 0, 9, 194, 123.89, 7),
(411, 'Ordinateur portable', 0, 0, 0, 9, 194, 90, 3),
(412, 'Ordinateur portable', 0, 0, 0, 9, 195, 90, 3),
(413, 'Ordinateur portable', 0, 0, 0, 9, 196, 90, 3),
(414, 'Congélateur', 0, 0, 0, 9, 197, 123.89, 7),
(415, 'Ordinateur portable', 0, 0, 0, 9, 197, 90, 3),
(416, 'Congélateur', 0, 0, 0, 9, 198, 123.89, 7),
(417, 'Ordinateur portable', 0, 0, 0, 9, 198, 90, 3),
(418, 'Valise habile', 0, 0, 0, 9, 198, 45.89, 4),
(419, 'Congélateur', 0, 0, 0, 9, 199, 123.89, 7),
(420, 'Ordinateur portable', 0, 0, 0, 9, 199, 90, 3),
(421, 'Valise habile', 0, 0, 0, 9, 199, 45.89, 4),
(422, 'Congélateur', 0, 0, 0, 9, 200, 123.89, 7),
(423, 'Ordinateur portable', 0, 0, 0, 9, 200, 90, 3),
(424, 'Valise habile', 0, 0, 0, 9, 200, 45.89, 4),
(425, 'Congélateur', 0, 0, 0, 9, 201, 123.89, 7),
(426, 'Ordinateur portable', 0, 0, 0, 9, 201, 90, 3),
(427, 'Valise habile', 0, 0, 0, 9, 201, 45.89, 4),
(428, 'Congélateur', 0, 0, 0, 9, 202, 123.89, 7),
(429, 'Ordinateur portable', 0, 0, 0, 9, 202, 90, 3),
(430, 'Congélateur', 0, 0, 0, 9, 203, 123.89, 7),
(431, 'Congélateur', 0, 0, 0, 9, 204, 123.89, 7),
(432, 'Ordinateur portable', 0, 0, 0, 9, 204, 90, 3),
(433, 'Congélateur', 0, 0, 0, 9, 205, 123.89, 7),
(434, 'Ordinateur portable', 0, 0, 0, 9, 205, 90, 3),
(435, 'Congélateur', 0, 0, 0, 9, 206, 123.89, 7),
(436, 'Ordinateur portable', 0, 0, 0, 9, 206, 90, 3),
(437, 'Congélateur', 0, 0, 0, 9, 207, 123.89, 7),
(438, 'Valise habile', 0, 0, 0, 9, 207, 45.89, 4),
(439, 'Congélateur', 0, 0, 0, 9, 208, 123.89, 7),
(440, 'Congélateur', 0, 0, 0, 9, 209, 123.89, 7),
(441, 'Congélateur', 0, 0, 0, 9, 210, 123.89, 7),
(442, 'Valise habile', 0, 0, 0, 9, 210, 45.89, 4),
(443, 'Congélateur', 0, 0, 0, 9, 211, 123.89, 7),
(444, 'Congélateur', 0, 0, 0, 9, 212, 123.89, 7),
(445, 'Ordinateur portable', 0, 0, 0, 9, 212, 90, 3),
(446, 'Congélateur', 0, 0, 0, 9, 213, 123.89, 7),
(447, 'Congélateur', 0, 0, 0, 9, 214, 123.89, 7),
(448, 'Congélateur', 0, 0, 0, 9, 215, 123.89, 7),
(449, 'Congélateur', 0, 0, 0, 9, 216, 123.89, 7),
(450, 'Congélateur', 0, 0, 0, 9, 217, 123.89, 7),
(451, 'Congélateur', 0, 0, 0, 9, 218, 123.89, 7),
(452, 'Congélateur', 0, 0, 0, 9, 219, 123.89, 7),
(453, 'Congélateur', 0, 0, 0, 9, 220, 123.89, 7),
(454, 'Congélateur', 0, 0, 0, 9, 221, 123.89, 7),
(455, 'Congélateur', 0, 0, 0, 9, 222, 123.89, 7),
(456, 'Congélateur', 0, 0, 0, 9, 223, 123.89, 7),
(457, 'Caisse objet art', 2.07, 2.99, 2.75, 2.89, 223, 13.37, 2),
(458, 'Ordinateur portable', 0, 0, 0, 9, 223, 90, 3),
(459, 'Valise habile', 0, 0, 0, 9, 223, 45.89, 4),
(460, 'Congélateur', 0, 0, 0, 9, 224, 123.89, 7),
(461, 'Ordinateur portable', 0, 0, 0, 9, 224, 90, 3),
(462, 'Valise habile', 0, 0, 0, 9, 224, 45.89, 4),
(463, 'Congélateur', 0, 0, 0, 9, 225, 123.89, 7),
(464, 'Ordinateur portable', 0, 0, 0, 9, 225, 90, 3),
(465, 'Valise habile', 0, 0, 0, 9, 225, 45.89, 4),
(466, 'Congélateur', 0, 0, 0, 9, 226, 123.89, 7),
(467, 'Congélateur', 0, 0, 0, 9, 227, 123.89, 7),
(468, 'Congélateur', 0, 0, 0, 9, 228, 123.89, 7),
(469, 'Congélateur', 0, 0, 0, 9, 229, 123.89, 7),
(470, 'Congélateur', 0, 0, 0, 9, 230, 123.89, 7),
(471, 'Congélateur', 0, 0, 0, 9, 231, 123.89, 7),
(472, 'Ordinateur portable', 0, 0, 0, 9, 231, 90, 3),
(473, 'Congélateur', 0, 0, 0, 9, 232, 123.89, 7),
(474, 'Ordinateur portable', 0, 0, 0, 9, 232, 90, 3),
(475, 'Valise habile', 0, 0, 0, 9, 232, 45.89, 4),
(476, 'Ordinateur portable', 0, 0, 0, 9, 233, 90, 3),
(477, 'Valise habile', 0, 0, 0, 9, 233, 45.89, 4),
(478, 'Congélateur', 0, 0, 0, 9, 234, 123.89, 7),
(479, 'Ordinateur portable', 0, 0, 0, 9, 234, 90, 3),
(480, 'Congélateur', 0, 0, 0, 9, 235, 123.89, 7),
(481, 'Ordinateur portable', 0, 0, 0, 9, 235, 90, 3),
(482, 'Congélateur', 0, 0, 0, 9, 236, 123.89, 7),
(483, 'Ordinateur portable', 0, 0, 0, 9, 236, 90, 3),
(484, 'Congélateur', 0, 0, 0, 9, 237, 123.89, 7),
(485, 'Ordinateur portable', 0, 0, 0, 9, 237, 90, 3),
(486, 'Valise habile', 0, 0, 0, 9, 237, 45.89, 4),
(487, 'Congélateur', 0, 0, 0, 9, 238, 123.89, 7),
(488, 'Caisse à outils', 2.17, 2.69, 2.78, 2.98, 238, 13.37, 2),
(489, 'Congélateur', 0, 0, 0, 9, 239, 123.89, 7),
(490, 'Valise tablette samsung galaxy', 2.76, 2.57, 2.69, 2.89, 239, 13.37, 2),
(491, 'Valise habile', 0, 0, 0, 9, 239, 45.89, 4),
(492, 'Congélateur', 0, 0, 0, 9, 240, 123.89, 7),
(493, 'Ordinateur portable', 0, 0, 0, 9, 240, 90, 3),
(494, 'Valise habile', 0, 0, 0, 9, 240, 45.89, 4),
(495, 'Congélateur', 0, 0, 0, 9, 241, 123.89, 7),
(496, 'Ordinateur portable', 0, 0, 0, 9, 241, 90, 3),
(497, 'Valise habile', 0, 0, 0, 9, 241, 45.89, 4),
(498, 'Ordinateur portable', 0, 0, 0, 9, 242, 90, 3),
(499, 'Ordinateur portable', 0, 0, 0, 9, 243, 90, 3),
(500, 'Ordinateur portable', 0, 0, 0, 9, 244, 90, 3),
(501, 'Ordinateur portable', 0, 0, 0, 9, 245, 90, 3),
(502, 'Ordinateur portable', 0, 0, 0, 9, 246, 90, 3),
(503, 'Ordinateur portable', 0, 0, 0, 9, 247, 90, 3),
(504, 'Valise habile', 0, 0, 0, 9, 247, 45.89, 4),
(505, 'Congélateur', 0, 0, 0, 9, 247, 123.89, 7),
(506, 'Ordinateur portable', 0, 0, 0, 9, 248, 90, 3),
(507, 'Ordinateur portable', 0, 0, 0, 9, 249, 90, 3);

-- --------------------------------------------------------

--
-- Structure de la table `cexp_services`
--

CREATE TABLE IF NOT EXISTS `cexp_services` (
  `ServiceID` int(5) NOT NULL AUTO_INCREMENT,
  `ServiceName` varchar(30) CHARACTER SET utf8 NOT NULL,
  `BaseAmount` decimal(8,0) NOT NULL,
  PRIMARY KEY (`ServiceID`)
) ENGINE=MyISAM  DEFAULT CHARSET=utf8 COLLATE=utf8_unicode_ci AUTO_INCREMENT=4 ;

--
-- Contenu de la table `cexp_services`
--

INSERT INTO `cexp_services` (`ServiceID`, `ServiceName`, `BaseAmount`) VALUES
(1, 'Normal', '10'),
(2, 'Express', '12'),
(3, 'Lent', '9');

-- --------------------------------------------------------

--
-- Structure de la table `cexp_users`
--

CREATE TABLE IF NOT EXISTS `cexp_users` (
  `ID` bigint(20) unsigned NOT NULL AUTO_INCREMENT,
  `user_login` varchar(60) CHARACTER SET utf8 NOT NULL,
  `user_pass` varchar(60) CHARACTER SET utf8 NOT NULL,
  `user_email` varchar(100) CHARACTER SET utf8 NOT NULL,
  `user_nicename` varchar(50) COLLATE utf8_unicode_ci NOT NULL DEFAULT '',
  `user_registered` datetime NOT NULL DEFAULT '0000-00-00 00:00:00',
  `display_name` varchar(250) CHARACTER SET utf8 NOT NULL DEFAULT '',
  `user_status` int(11) NOT NULL DEFAULT '0',
  PRIMARY KEY (`ID`)
) ENGINE=MyISAM  DEFAULT CHARSET=utf8 COLLATE=utf8_unicode_ci AUTO_INCREMENT=2 ;

--
-- Contenu de la table `cexp_users`
--

INSERT INTO `cexp_users` (`ID`, `user_login`, `user_pass`, `user_email`, `user_nicename`, `user_registered`, `display_name`, `user_status`) VALUES
(1, 'icamara', 'icamara123', 'botefori@gmail.com', 'icamara', '0000-00-00 00:00:00', 'ibrahima', 0);

-- --------------------------------------------------------

--
-- Structure de la table `cexp_ville`
--

CREATE TABLE IF NOT EXISTS `cexp_ville` (
  `nom` varchar(255) COLLATE utf8_unicode_ci NOT NULL DEFAULT '',
  `cp` varchar(255) COLLATE utf8_unicode_ci NOT NULL DEFAULT '',
  `latitude` float(7,6) NOT NULL DEFAULT '0.000000',
  `longitude` float(7,6) NOT NULL DEFAULT '0.000000',
  `eloignement` varchar(255) COLLATE utf8_unicode_ci NOT NULL DEFAULT '',
  `url` varchar(255) COLLATE utf8_unicode_ci NOT NULL DEFAULT ''
) ENGINE=MyISAM DEFAULT CHARSET=utf8 COLLATE=utf8_unicode_ci;

--
-- Contenu de la table `cexp_ville`
--

INSERT INTO `cexp_ville` (`nom`, `cp`, `latitude`, `longitude`, `eloignement`, `url`) VALUES
('Charenton-le-Pont', '94220', 9.999999, 2.416670, '1.04', 'charenton-le-pont'),
('Champigny-sur-Marne', '94500', 9.999999, 2.516670, '1.04', 'champigny-sur-marne'),
('Bonneuil-sur-Marne', '94380', 9.999999, 2.483330, '0.48', 'bonneuil-sur-marne'),
('Arcueil', '94110', 9.999999, 2.333330, '1.92', 'arcueil'),
('Alfortville', '94140', 9.999999, 2.416670, '0.64', 'alfortville'),
('La Plaine-Saint-Denis', '93210', 9.999999, 2.366670, '1.34', 'la-plaine-saint-denis'),
('Villepinte', '93420', 9.999999, 2.533330, '2.13', 'villepinte'),
('Stains', '93240', 9.999999, 2.383330, '1.52', 'stains'),
('Sevran', '93270', 9.999999, 2.533330, '1.1', 'sevran'),
('Saint-Ouen', '93400', 9.999999, 2.333330, '1.83', 'saint-ouen'),
('Saint-Denis', '93200', 9.999999, 2.358330, '1.47', 'saint-denis'),
('Romainville', '93230', 9.999999, 2.433330, '0.92', 'romainville'),
('Les Pavillons-sous-Bois', '93320', 9.999999, 2.516670, '0.86', 'les-pavillons-sous-bois'),
('Pantin', '93500', 9.999999, 2.400000, '0.85', 'pantin'),
('Noisy-le-Sec', '93130', 9.999999, 2.466670, '0.92', 'noisy-le-sec'),
('Noisy-le-Grand', '93160', 9.999999, 2.566670, '2.14', 'noisy-le-grand'),
('Neuilly-sur-Marne', '93330', 9.999999, 2.533330, '2.14', 'neuilly-sur-marne'),
('Neuilly-Plaisance', '93360', 9.999999, 2.516670, '1.53', 'neuilly-plaisance'),
('Montreuil', '93100', 9.999999, 2.433330, '1.53', 'montreuil'),
('Montfermeil', '93370', 9.999999, 2.566670, '1.59', 'montfermeil'),
('Gagny', '93220', 9.999999, 2.533330, '1.1', 'gagny'),
('Épinay-sur-Seine', '93800', 9.999999, 2.308330, '-1', 'Épinay-sur-seine'),
('La Courneuve', '93120', 9.999999, 2.383330, '1.1', 'la-courneuve'),
('Coubron', '93470', 9.999999, 2.583330, '1.84', 'coubron'),
('Clichy-sous-Bois', '93390', 9.999999, 2.550000, '1.35', 'clichy-sous-bois'),
('Bondy', '93140', 9.999999, 2.466670, '0.31', 'bondy'),
('Bobigny', '93000', 9.999999, 2.450000, '0.31', 'bobigny'),
('Le Blanc-Mesnil', '93150', 9.999999, 2.450000, '0.91', 'le-blanc-mesnil'),
('Aulnay-sous-Bois', '93600', 9.999999, 2.516670, '1.52', 'aulnay-sous-bois'),
('Aubervilliers', '93300', 9.999999, 2.383330, '1.1', 'aubervilliers'),
('Villeneuve-la-Garenne', '92390', 9.999999, 2.333330, '-1', 'villeneuve-la-garenne'),
('Suresnes', '92150', 9.999999, 2.233330, '0.63', 'suresnes'),
('Sèvres', '92310', 9.999999, 2.200000, '1.49', 'sevres'),
('Saint-Cloud', '92210', 9.999999, 2.216670, '-1', 'saint-cloud'),
('Puteaux', '92800', 9.999999, 2.233330, '0.63', 'puteaux'),
('Le Plessis-Robinson', '92350', 9.999999, 2.266670, '1.33', 'le-plessis-robinson'),
('Neuilly-sur-Seine', '92200', 9.999999, 2.266670, '1.02', 'neuilly-sur-seine'),
('Nanterre', '92000', 9.999999, 2.200000, '1.49', 'nanterre'),
('Bellegarde-sur-Valserine', '01200', 9.999999, 5.816670, '1.61', 'bellegarde-sur-valserine'),
('Béligneux', '01360', 9.999999, 5.116670, '1.31', 'beligneux'),
('Bellignat', '01810', 9.999999, 5.616670, '1.5', 'bellignat'),
('Beaupont', '01270', 9.999999, 5.266670, '1.91', 'beaupont'),
('Balan', '08200', 9.999999, 5.100000, '1.51', 'balan'),
('Bâgé-le-Châtel', '01380', 9.999999, 4.933330, '1.4', 'bage-le-chatel'),
('Bâgé-la-Ville', '01380', 9.999999, 4.950000, '1.41', 'bage-la-ville'),
('Attignat', '01340', 9.999999, 5.166670, '1.21', 'attignat'),
('Asnières-sur-Saône', '01570', 9.999999, 4.883330, '1.81', 'asnieres-sur-saone'),
('Armix', '01510', 9.999999, 5.583330, '1.41', 'armix'),
('Apremont', '08250', 9.999999, 5.658330, '1.46', 'apremont'),
('Anglefort', '01350', 9.999999, 5.808330, '-1', 'anglefort'),
('Andert-et-Condon', '01300', 9.999999, 5.650000, '1.71', 'andert-et-condon'),
('Ambutrix', '01500', 9.999999, 5.333330, '0.9', 'ambutrix'),
('Ambronay', '01500', 9.999999, 5.350000, '1.34', 'ambronay'),
('Ambléon', '01300', 9.999999, 5.600000, '2.01', 'ambleon'),
('Ambérieu-en-Bugey', '01500', 9.999999, 5.350000, '0.8', 'amberieu-en-bugey'),
('Amareins', '01090', 9.999999, 4.800000, '1.85', 'amareins'),
('Choisy-le-Roi', '94600', 9.999999, 2.416670, '0.64', 'choisy-le-roi'),
('Chevilly-Larue', '94550', 9.999999, 2.350000, '1.67', 'chevilly-larue'),
('Chennevières-sur-Marne', '94430', 9.999999, 2.516670, '0.89', 'chennevieres-sur-marne'),
('Cachan', '94230', 9.999999, 2.333330, '1.92', 'cachan'),
('Bry-sur-Marne', '94360', 9.999999, 2.516670, '1.54', 'bry-sur-marne'),
('Boissy-Saint-Léger', '94470', 9.999999, 2.516670, '0.99', 'boissy-saint-leger'),
('Ablon-sur-Seine', '94480', 9.999999, 2.416670, '2', 'ablon-sur-seine'),
('Villetaneuse', '93430', 9.999999, 2.341670, '-1', 'villetaneuse'),
('Villemomble', '93250', 9.999999, 2.500000, '0.92', 'villemomble'),
('Vaujours', '93410', 9.999999, 2.566670, '1.59', 'vaujours'),
('Rosny-sous-Bois', '93110', 9.999999, 2.483330, '1.53', 'rosny-sous-bois'),
('Le Raincy', '93340', 9.999999, 2.516670, '0.86', 'le-raincy'),
('Le Pré-Saint-Gervais', '93310', 9.999999, 2.400000, '0.92', 'le-pre-saint-gervais'),
('Pierrefitte-sur-Seine', '93380', 9.999999, 2.366670, '2.13', 'pierrefitte-sur-seine'),
('Livry-Gargan', '93190', 9.999999, 2.550000, '1.35', 'livry-gargan'),
('Les Lilas', '93260', 9.999999, 2.433330, '0.92', 'les-lilas'),
('Gournay-sur-Marne', '93460', 9.999999, 2.566670, '1.59', 'gournay-sur-marne'),
('Dugny', '93440', 9.999999, 2.416670, '1.52', 'dugny'),
('Drancy', '93700', 9.999999, 2.450000, '0.91', 'drancy'),
('Le Bourget', '93350', 9.999999, 2.416670, '0.91', 'le-bourget'),
('Bagnolet', '93170', 9.999999, 2.416670, '1.53', 'bagnolet'),
('Vaucresson', '92420', 9.999999, 2.175000, '-1', 'vaucresson'),
('Vanves', '92170', 9.999999, 2.300000, '1.18', 'vanves'),
('Sceaux', '92330', 9.999999, 2.283330, '1.33', 'sceaux'),
('Rueil-Malmaison', '92500', 9.999999, 2.200000, '1.49', 'rueil-malmaison'),
('Baneins', '01990', 9.999999, 4.900000, '1.51', 'baneins'),
('Artemare', '01510', 9.999999, 5.700000, '1.31', 'artemare'),
('Ars-sur-Formans', '01480', 9.999999, 4.816670, '1.8', 'ars-sur-formans'),
('Argis', '01230', 9.999999, 5.483330, '0.9', 'argis'),
('Arbigny', '01190', 9.999999, 4.966670, '2.31', 'arbigny'),
('Arbignieu', '01300', 9.999999, 5.650000, '2.11', 'arbignieu'),
('Arbent', '01100', 9.999999, 5.683330, '1.39', 'arbent'),
('Arandas', '01230', 9.999999, 5.483330, '1.11', 'arandas'),
('Aranc', '01110', 9.999999, 5.500000, '1.01', 'aranc'),
('Ambérieux-en-Dombes', '01330', 9.999999, 4.900000, '1.72', 'amberieux-en-dombes');

-- --------------------------------------------------------

--
-- Structure de la table `cexp_volumeranges`
--

CREATE TABLE IF NOT EXISTS `cexp_volumeranges` (
  `VolumeRangeID` int(11) NOT NULL AUTO_INCREMENT,
  `MinVolume` float NOT NULL,
  `MaxVolume` float NOT NULL,
  `BaseVolumeAmount` decimal(5,0) NOT NULL,
  PRIMARY KEY (`VolumeRangeID`)
) ENGINE=MyISAM  DEFAULT CHARSET=utf8 COLLATE=utf8_unicode_ci AUTO_INCREMENT=5 ;

--
-- Contenu de la table `cexp_volumeranges`
--

INSERT INTO `cexp_volumeranges` (`VolumeRangeID`, `MinVolume`, `MaxVolume`, `BaseVolumeAmount`) VALUES
(1, 0, 10, '2'),
(2, 10, 20, '5'),
(3, 21, 50, '6'),
(4, 51, 100, '20');

-- --------------------------------------------------------

--
-- Structure de la table `cexp_weightranges`
--

CREATE TABLE IF NOT EXISTS `cexp_weightranges` (
  `WeightRangesID` int(11) NOT NULL AUTO_INCREMENT,
  `MinWeight` float NOT NULL,
  `MaxWeight` float NOT NULL,
  `BaseWeightRangeAmount` decimal(10,0) NOT NULL,
  PRIMARY KEY (`WeightRangesID`)
) ENGINE=MyISAM  DEFAULT CHARSET=utf8 COLLATE=utf8_unicode_ci AUTO_INCREMENT=5 ;

--
-- Contenu de la table `cexp_weightranges`
--

INSERT INTO `cexp_weightranges` (`WeightRangesID`, `MinWeight`, `MaxWeight`, `BaseWeightRangeAmount`) VALUES
(1, 0, 1, '60'),
(2, 2, 20, '50'),
(3, 21, 100, '40'),
(4, 101, 1000, '30');

/*!40101 SET CHARACTER_SET_CLIENT=@OLD_CHARACTER_SET_CLIENT */;
/*!40101 SET CHARACTER_SET_RESULTS=@OLD_CHARACTER_SET_RESULTS */;
/*!40101 SET COLLATION_CONNECTION=@OLD_COLLATION_CONNECTION */;
